[22:26:38] [main/INFO] (FabricLoader/GameProvider) Loading Minecraft 26.3 with Fabric Loader 0.19.5
[22:26:38] [main/INFO] (FabricLoader/Mappings) Mappings not present!
[22:26:38] [main/DEBUG] (FabricLoader/GamePatch) Found game constructor: net.minecraft.server.Main -> net/minecraft/server/Main
[22:26:38] [main/DEBUG] (FabricLoader/GamePatch) Patching game constructor main([Ljava/lang/String;)V
[22:26:38] [main/DEBUG] (FabricLoader/GamePatch) 20w22a+ detected, patching main method...
[22:26:38] [main/DEBUG] (FabricLoader/GamePatch) Detected version above 20w22a
[22:26:38] [main/DEBUG] (FabricLoader/GamePatch) Applying brand name hook to net/minecraft/server/MinecraftServer::getServerModName
[22:26:38] [main/DEBUG] (FabricLoader/GamePatch) Patched 2 classs
[22:26:38] [main/DEBUG] (FabricLoader/Discovery) Mod discovery time: 26.4 ms
[22:26:38] [main/DEBUG] (FabricLoader/Resolution) Mod resolution time: 48.3 ms
[22:26:38] [main/INFO] (FabricLoader) Loading 43 mods:
	- fabric-api 0.160.6+26.3
	- fabric-api-base 2.0.6+fcdff87f5d
	- fabric-api-lookup-api-v1 2.0.24+3434d6d95d
	- fabric-biome-api-v1 20.0.9+74ed1ea55d
	- fabric-block-api-v1 3.1.0+0ae6f9115d
	- fabric-block-getter-api-v2 2.0.9+3434d6d95d
	- fabric-command-api-v2 3.1.2+fcdff87f5d
	- fabric-content-registries-v0 15.0.4+74ed1ea55d
	- fabric-convention-tags-v2 4.10.2+5a4e5fc65d
	- fabric-crash-report-info-v1 1.0.7+fcdff87f5d
	- fabric-creative-tab-api-v1 5.0.21+fcdff87f5d
	- fabric-data-attachment-api-v1 2.2.30+3434d6d95d
	- fabric-data-generation-api-v1 27.2.2+b28e9d205d
	- fabric-debug-api-v1 1.0.4+3434d6d95d
	- fabric-dimensions-v1 5.1.19+47f74c985d
	- fabric-entity-events-v1 6.0.4+3434d6d95d
	- fabric-events-interaction-v0 5.3.6+3434d6d95d
	- fabric-game-rule-api-v1 4.0.10+3434d6d95d
	- fabric-gametest-api-v1 4.0.32+3434d6d95d
	- fabric-item-api-v1 14.7.0+cf6bc2db5d
	- fabric-lifecycle-events-v1 4.1.9+ffef5f675d
	- fabric-loot-api-v3 4.0.8+4068fd645d
	- fabric-menu-api-v1 2.0.27+ed66f0a35d
	- fabric-message-api-v1 7.0.10+3434d6d95d
	- fabric-networking-api-v1 6.3.8+fcdff87f5d
	- fabric-object-builder-api-v1 24.1.9+3434d6d95d
	- fabric-particles-v1 5.0.24+3434d6d95d
	- fabric-permission-api-v1 1.0.8+fcdff87f5d
	- fabric-recipe-api-v1 10.0.8+fcdff87f5d
	- fabric-registry-sync-v0 8.0.1+fcdff87f5d
	- fabric-rendering-fluids-v1 6.0.6+3434d6d95d
	- fabric-resource-conditions-api-v1 6.1.5+3434d6d95d
	- fabric-resource-loader-v0 3.3.26+4fc5413f5d
	- fabric-resource-loader-v1 3.0.4+fcdff87f5d
	- fabric-serialization-api-v1 2.0.7+74ed1ea55d
	- fabric-tag-api-v1 2.1.10+fcdff87f5d
	- fabric-transfer-api-v1 8.0.25+fcdff87f5d
	- fabric-transitive-access-wideners-v1 8.1.16+52268a0e5d
	- fabricloader 0.19.5
	- java 25
	- logstripper 1.0.0
	- minecraft 26.3
	- mixinextras 0.5.5
[22:26:38] [main/DEBUG] (FabricLoader/Knot) Adding C:\Users\Jonathan\.gradle\caches\modules-2\files-2.1\net.fabricmc.fabric-api\fabric-rendering-fluids-v1\6.0.6+3434d6d95d\f346710e5fb0751998cb84d4772b1b2827e1ad57\fabric-rendering-fluids-v1-6.0.6+3434d6d95d.jar to classpath.
[22:26:38] [main/DEBUG] (FabricLoader/Knot) Adding C:\Users\Jonathan\.gradle\caches\modules-2\files-2.1\net.fabricmc.fabric-api\fabric-data-generation-api-v1\27.2.2+b28e9d205d\9793c87cf449ae37325ebfafde0b1ad7dd3b4c38\fabric-data-generation-api-v1-27.2.2+b28e9d205d.jar to classpath.
[22:26:38] [main/DEBUG] (FabricLoader/Knot) Adding C:\Users\Jonathan\.gradle\caches\modules-2\files-2.1\net.fabricmc.fabric-api\fabric-resource-loader-v0\3.3.26+4fc5413f5d\2fd2238d86a13d9f43244d030ae0a33ee8e4d092\fabric-resource-loader-v0-3.3.26+4fc5413f5d.jar to classpath.
[22:26:38] [main/DEBUG] (FabricLoader/Knot) Adding C:\Users\Jonathan\.gradle\caches\modules-2\files-2.1\net.fabricmc.fabric-api\fabric-transitive-access-wideners-v1\8.1.16+52268a0e5d\8322e1bc6d3e3993dce826a41f4a199944269bcb\fabric-transitive-access-wideners-v1-8.1.16+52268a0e5d.jar to classpath.
[22:26:38] [main/DEBUG] (FabricLoader/Knot) Adding C:\Users\Jonathan\.gradle\caches\modules-2\files-2.1\net.fabricmc.fabric-api\fabric-convention-tags-v2\4.10.2+5a4e5fc65d\2e70b968e1ccfc6a40503e019f7d22e90516e592\fabric-convention-tags-v2-4.10.2+5a4e5fc65d.jar to classpath.
[22:26:38] [main/DEBUG] (FabricLoader/Knot) Adding C:\Users\Jonathan\.gradle\caches\modules-2\files-2.1\net.fabricmc.fabric-api\fabric-content-registries-v0\15.0.4+74ed1ea55d\c316198aeaa747228437e01f8c81efb134dca9f2\fabric-content-registries-v0-15.0.4+74ed1ea55d.jar to classpath.
[22:26:38] [main/DEBUG] (FabricLoader/Knot) Adding C:\Users\Jonathan\.gradle\caches\modules-2\files-2.1\net.fabricmc.fabric-api\fabric-particles-v1\5.0.24+3434d6d95d\f737b753bad5f3b94d9d07985853539f4c6ee416\fabric-particles-v1-5.0.24+3434d6d95d.jar to classpath.
[22:26:38] [main/DEBUG] (FabricLoader/Knot) Adding C:\Users\Jonathan\.gradle\caches\modules-2\files-2.1\net.fabricmc.fabric-api\fabric-lifecycle-events-v1\4.1.9+ffef5f675d\4184b98a6c1dbfcf6c63dab29cf7f5812d9eaf73\fabric-lifecycle-events-v1-4.1.9+ffef5f675d.jar to classpath.
[22:26:38] [main/DEBUG] (FabricLoader/Knot) Adding C:\Users\Jonathan\.gradle\caches\modules-2\files-2.1\net.fabricmc.fabric-api\fabric-api-lookup-api-v1\2.0.24+3434d6d95d\29c412a6baf8e69bf71cab6b7a65b5096ff29a3\fabric-api-lookup-api-v1-2.0.24+3434d6d95d.jar to classpath.
[22:26:38] [main/DEBUG] (FabricLoader/Knot) Adding C:\Users\Jonathan\.gradle\caches\modules-2\files-2.1\net.fabricmc.fabric-api\fabric-block-getter-api-v2\2.0.9+3434d6d95d\56fd2980cfdb2e557bd51dfa743d92bb7befcdb6\fabric-block-getter-api-v2-2.0.9+3434d6d95d.jar to classpath.
[22:26:38] [main/DEBUG] (FabricLoader/Knot) Adding C:\Users\Jonathan\.gradle\caches\modules-2\files-2.1\net.fabricmc.fabric-api\fabric-menu-api-v1\2.0.27+ed66f0a35d\5f52c5da57fbbdd96604ed12bcec0a0fba779dfe\fabric-menu-api-v1-2.0.27+ed66f0a35d.jar to classpath.
[22:26:38] [main/DEBUG] (FabricLoader/Knot) Adding C:\Users\Jonathan\.gradle\caches\modules-2\files-2.1\net.fabricmc.fabric-api\fabric-biome-api-v1\20.0.9+74ed1ea55d\587c148a61dd7b76db105d39f556dd741fbbbe2f\fabric-biome-api-v1-20.0.9+74ed1ea55d.jar to classpath.
[22:26:38] [main/DEBUG] (FabricLoader/Knot) Adding C:\Users\Jonathan\.gradle\caches\modules-2\files-2.1\net.fabricmc.fabric-api\fabric-serialization-api-v1\2.0.7+74ed1ea55d\6461e300b93b46986d74f092660dd9d39a1125c0\fabric-serialization-api-v1-2.0.7+74ed1ea55d.jar to classpath.
[22:26:38] [main/DEBUG] (FabricLoader/Knot) Adding C:\Users\Jonathan\.gradle\caches\modules-2\files-2.1\net.fabricmc.fabric-api\fabric-data-attachment-api-v1\2.2.30+3434d6d95d\b31a17053b2113fde7011d5caa54871071f38fe\fabric-data-attachment-api-v1-2.2.30+3434d6d95d.jar to classpath.
[22:26:38] [main/DEBUG] (FabricLoader/Knot) Adding C:\Users\Jonathan\.gradle\caches\modules-2\files-2.1\net.fabricmc.fabric-api\fabric-object-builder-api-v1\24.1.9+3434d6d95d\24f679e28b1c3a4fd44b339a03161774f880139\fabric-object-builder-api-v1-24.1.9+3434d6d95d.jar to classpath.
[22:26:38] [main/DEBUG] (FabricLoader/Knot) Adding C:\Users\Jonathan\.gradle\caches\modules-2\files-2.1\net.fabricmc.fabric-api\fabric-api\0.160.6+26.3\e4cfcfa5c2903129518c9ae641bc5289939b67d6\fabric-api-0.160.6+26.3.jar to classpath.
[22:26:38] [main/DEBUG] (FabricLoader/Knot) Adding C:\Users\Jonathan\.gradle\caches\modules-2\files-2.1\net.fabricmc.fabric-api\fabric-item-api-v1\14.7.0+cf6bc2db5d\9d9e319928f67f49029c86ae56d0414997a534ac\fabric-item-api-v1-14.7.0+cf6bc2db5d.jar to classpath.
[22:26:38] [main/DEBUG] (FabricLoader/Knot) Adding C:\Users\Jonathan\.gradle\caches\modules-2\files-2.1\net.fabricmc.fabric-api\fabric-block-api-v1\3.1.0+0ae6f9115d\78badf0c664259627830111f2ac0ad2f9f0ff2f7\fabric-block-api-v1-3.1.0+0ae6f9115d.jar to classpath.
[22:26:38] [main/DEBUG] (FabricLoader/Knot) Adding C:\Users\Jonathan\.gradle\caches\modules-2\files-2.1\net.fabricmc.fabric-api\fabric-debug-api-v1\1.0.4+3434d6d95d\e4812b5812a9d92b97604bdf2737780d3cc7612e\fabric-debug-api-v1-1.0.4+3434d6d95d.jar to classpath.
[22:26:38] [main/DEBUG] (FabricLoader/Knot) Adding C:\Users\Jonathan\.gradle\caches\modules-2\files-2.1\net.fabricmc.fabric-api\fabric-loot-api-v3\4.0.8+4068fd645d\3f74e49f671c5ef812512b9ff6ca35a531f06cf7\fabric-loot-api-v3-4.0.8+4068fd645d.jar to classpath.
[22:26:38] [main/DEBUG] (FabricLoader/Knot) Adding C:\Users\Jonathan\.gradle\caches\modules-2\files-2.1\net.fabricmc.fabric-api\fabric-resource-conditions-api-v1\6.1.5+3434d6d95d\c009f3d1b43e3e26053d4809055b265bbbfa7044\fabric-resource-conditions-api-v1-6.1.5+3434d6d95d.jar to classpath.
[22:26:38] [main/DEBUG] (FabricLoader/Knot) Adding C:\Users\Jonathan\Documents\Minecraft\Projects\Wood Strip\log-stripper\build\classes\java\main to classpath.
[22:26:38] [main/DEBUG] (FabricLoader/Knot) Adding C:\Users\Jonathan\Documents\Minecraft\Projects\Wood Strip\log-stripper\build\resources\main to classpath.
[22:26:38] [main/DEBUG] (FabricLoader/Knot) Adding C:\Users\Jonathan\.gradle\caches\modules-2\files-2.1\net.fabricmc.fabric-api\fabric-api-base\2.0.6+fcdff87f5d\449053de5093613bbdf6d439bedd431a7ad77da2\fabric-api-base-2.0.6+fcdff87f5d.jar to classpath.
[22:26:38] [main/DEBUG] (FabricLoader/Knot) Adding C:\Users\Jonathan\.gradle\caches\modules-2\files-2.1\net.fabricmc.fabric-api\fabric-resource-loader-v1\3.0.4+fcdff87f5d\23991cd88d413af9c9bc9fdaa43e1a4f7156917a\fabric-resource-loader-v1-3.0.4+fcdff87f5d.jar to classpath.
[22:26:38] [main/DEBUG] (FabricLoader/Knot) Adding C:\Users\Jonathan\.gradle\caches\modules-2\files-2.1\net.fabricmc.fabric-api\fabric-transfer-api-v1\8.0.25+fcdff87f5d\4680f760ffbd28c38f899488ded76fd7c26082c8\fabric-transfer-api-v1-8.0.25+fcdff87f5d.jar to classpath.
[22:26:38] [main/DEBUG] (FabricLoader/Knot) Adding C:\Users\Jonathan\.gradle\caches\modules-2\files-2.1\io.github.llamalad7\mixinextras-fabric\0.5.5\d1055b99c0ab08a8403fe2da3d79ca28e6340a76\mixinextras-fabric-0.5.5.jar to classpath.
[22:26:38] [main/DEBUG] (FabricLoader/Knot) Adding C:\Users\Jonathan\.gradle\caches\modules-2\files-2.1\net.fabricmc.fabric-api\fabric-message-api-v1\7.0.10+3434d6d95d\5b224f019d030f7bb70584866f4f6329fa9a21b3\fabric-message-api-v1-7.0.10+3434d6d95d.jar to classpath.
[22:26:38] [main/DEBUG] (FabricLoader/Knot) Adding C:\Users\Jonathan\.gradle\caches\modules-2\files-2.1\net.fabricmc.fabric-api\fabric-creative-tab-api-v1\5.0.21+fcdff87f5d\c0d1736c1f7b6166f1925eb0bd79f9c97cd1494\fabric-creative-tab-api-v1-5.0.21+fcdff87f5d.jar to classpath.
[22:26:38] [main/DEBUG] (FabricLoader/Knot) Adding C:\Users\Jonathan\.gradle\caches\modules-2\files-2.1\net.fabricmc.fabric-api\fabric-tag-api-v1\2.1.10+fcdff87f5d\6b70d67fcea94ef97a08cda0d7810fd89238a83\fabric-tag-api-v1-2.1.10+fcdff87f5d.jar to classpath.
[22:26:38] [main/DEBUG] (FabricLoader/Knot) Adding C:\Users\Jonathan\.gradle\caches\modules-2\files-2.1\net.fabricmc.fabric-api\fabric-permission-api-v1\1.0.8+fcdff87f5d\b5ffb6d1e882755032aa6b79265e32699be57c88\fabric-permission-api-v1-1.0.8+fcdff87f5d.jar to classpath.
[22:26:38] [main/DEBUG] (FabricLoader/Knot) Adding C:\Users\Jonathan\.gradle\caches\modules-2\files-2.1\net.fabricmc.fabric-api\fabric-registry-sync-v0\8.0.1+fcdff87f5d\7c5c6642c01a0d37abccc8546b86833ca2c9e667\fabric-registry-sync-v0-8.0.1+fcdff87f5d.jar to classpath.
[22:26:38] [main/DEBUG] (FabricLoader/Knot) Adding C:\Users\Jonathan\.gradle\caches\modules-2\files-2.1\net.fabricmc.fabric-api\fabric-events-interaction-v0\5.3.6+3434d6d95d\de80f4728f8559f8e126b857288af8a27da57b81\fabric-events-interaction-v0-5.3.6+3434d6d95d.jar to classpath.
[22:26:38] [main/DEBUG] (FabricLoader/Knot) Adding C:\Users\Jonathan\.gradle\caches\modules-2\files-2.1\net.fabricmc.fabric-api\fabric-entity-events-v1\6.0.4+3434d6d95d\731754a9bdfc6784a41d8fb17cd6c08f58fe31e0\fabric-entity-events-v1-6.0.4+3434d6d95d.jar to classpath.
[22:26:38] [main/DEBUG] (FabricLoader/Knot) Adding C:\Users\Jonathan\.gradle\caches\modules-2\files-2.1\net.fabricmc.fabric-api\fabric-command-api-v2\3.1.2+fcdff87f5d\69de6c0f1f5926309dad2cd9569027a6d4d99493\fabric-command-api-v2-3.1.2+fcdff87f5d.jar to classpath.
[22:26:38] [main/DEBUG] (FabricLoader/Knot) Adding C:\Users\Jonathan\.gradle\caches\modules-2\files-2.1\net.fabricmc.fabric-api\fabric-dimensions-v1\5.1.19+47f74c985d\2d10026da0876c1e887b512b26d2813a1646c132\fabric-dimensions-v1-5.1.19+47f74c985d.jar to classpath.
[22:26:38] [main/DEBUG] (FabricLoader/Knot) Adding C:\Users\Jonathan\.gradle\caches\modules-2\files-2.1\net.fabricmc.fabric-api\fabric-networking-api-v1\6.3.8+fcdff87f5d\1487018aa4c0cc74d0e32b89c5b2da9b1c00ebb8\fabric-networking-api-v1-6.3.8+fcdff87f5d.jar to classpath.
[22:26:38] [main/DEBUG] (FabricLoader/Knot) Adding C:\Users\Jonathan\.gradle\caches\modules-2\files-2.1\net.fabricmc.fabric-api\fabric-recipe-api-v1\10.0.8+fcdff87f5d\16ab72f3b3cc37f758a1ac01817b3909b02ce736\fabric-recipe-api-v1-10.0.8+fcdff87f5d.jar to classpath.
[22:26:38] [main/DEBUG] (FabricLoader/Knot) Adding C:\Users\Jonathan\.gradle\caches\modules-2\files-2.1\net.fabricmc.fabric-api\fabric-crash-report-info-v1\1.0.7+fcdff87f5d\a5531952f47841e359bc2ca8cb807add8c76c5c5\fabric-crash-report-info-v1-1.0.7+fcdff87f5d.jar to classpath.
[22:26:38] [main/DEBUG] (FabricLoader/Knot) Adding C:\Users\Jonathan\.gradle\caches\modules-2\files-2.1\net.fabricmc.fabric-api\fabric-game-rule-api-v1\4.0.10+3434d6d95d\3f73b9e94995f6f8a0d38955b98b67ac8d6bb089\fabric-game-rule-api-v1-4.0.10+3434d6d95d.jar to classpath.
[22:26:38] [main/DEBUG] (FabricLoader/Knot) Adding C:\Users\Jonathan\.gradle\caches\modules-2\files-2.1\net.fabricmc.fabric-api\fabric-gametest-api-v1\4.0.32+3434d6d95d\ced6a55e4623994919224b07750f05231dad8c22\fabric-gametest-api-v1-4.0.32+3434d6d95d.jar to classpath.
[22:26:38] [main/DEBUG] (FabricLoader/Entrypoint) Registering new-style initializer net.fabricmc.fabric.impl.tag.convention.v2.TranslationConventionLogWarnings for mod fabric-convention-tags-v2 (key main)
[22:26:38] [main/DEBUG] (FabricLoader/Entrypoint) Registering new-style initializer net.fabricmc.fabric.impl.client.particle.ExtendedBlockParticleOptionSyncClient for mod fabric-particles-v1 (key client)
[22:26:38] [main/DEBUG] (FabricLoader/Entrypoint) Registering new-style initializer net.fabricmc.fabric.impl.particle.ExtendedBlockParticleOptionSync for mod fabric-particles-v1 (key main)
[22:26:38] [main/DEBUG] (FabricLoader/Entrypoint) Registering new-style initializer net.fabricmc.fabric.impl.client.event.lifecycle.ClientLifecycleEventsImpl for mod fabric-lifecycle-events-v1 (key client)
[22:26:38] [main/DEBUG] (FabricLoader/Entrypoint) Registering new-style initializer net.fabricmc.fabric.impl.event.lifecycle.LifecycleEventsImpl for mod fabric-lifecycle-events-v1 (key main)
[22:26:38] [main/DEBUG] (FabricLoader/Entrypoint) Registering new-style initializer net.fabricmc.fabric.impl.lookup.ApiLookupImpl for mod fabric-api-lookup-api-v1 (key main)
[22:26:38] [main/DEBUG] (FabricLoader/Entrypoint) Registering new-style initializer net.fabricmc.fabric.impl.menu.client.ClientNetworking for mod fabric-menu-api-v1 (key client)
[22:26:38] [main/DEBUG] (FabricLoader/Entrypoint) Registering new-style initializer net.fabricmc.fabric.impl.menu.Networking for mod fabric-menu-api-v1 (key main)
[22:26:38] [main/DEBUG] (FabricLoader/Entrypoint) Registering new-style initializer net.fabricmc.fabric.impl.attachment.client.AttachmentSyncClient for mod fabric-data-attachment-api-v1 (key client)
[22:26:38] [main/DEBUG] (FabricLoader/Entrypoint) Registering new-style initializer net.fabricmc.fabric.impl.attachment.AttachmentEntrypoint for mod fabric-data-attachment-api-v1 (key main)
[22:26:38] [main/DEBUG] (FabricLoader/Entrypoint) Registering new-style initializer net.fabricmc.fabric.impl.attachment.sync.AttachmentSync for mod fabric-data-attachment-api-v1 (key main)
[22:26:38] [main/DEBUG] (FabricLoader/Entrypoint) Registering new-style initializer net.fabricmc.fabric.impl.resource.conditions.ResourceConditionsImpl for mod fabric-resource-conditions-api-v1 (key main)
[22:26:38] [main/DEBUG] (FabricLoader/Entrypoint) Registering new-style initializer com.iceyatom.logstripper.client.LogStripperClient for mod logstripper (key client)
[22:26:38] [main/DEBUG] (FabricLoader/Entrypoint) Registering new-style initializer com.iceyatom.logstripper.LogStripper for mod logstripper (key main)
[22:26:38] [main/DEBUG] (FabricLoader/Entrypoint) Registering new-style initializer net.fabricmc.fabric.impl.tag.TagInit for mod fabric-tag-api-v1 (key main)
[22:26:38] [main/DEBUG] (FabricLoader/Entrypoint) Registering new-style initializer net.fabricmc.fabric.impl.client.registry.sync.FabricRegistryClientInit for mod fabric-registry-sync-v0 (key client)
[22:26:38] [main/DEBUG] (FabricLoader/Entrypoint) Registering new-style initializer net.fabricmc.fabric.impl.registry.sync.FabricRegistryInit for mod fabric-registry-sync-v0 (key main)
[22:26:38] [main/DEBUG] (FabricLoader/Entrypoint) Registering new-style initializer net.fabricmc.fabric.impl.event.interaction.InteractionEventsRouter for mod fabric-events-interaction-v0 (key main)
[22:26:38] [main/DEBUG] (FabricLoader/Entrypoint) Registering new-style initializer net.fabricmc.fabric.impl.dimension.DimensionModificationImpl for mod fabric-dimensions-v1 (key main)
[22:26:38] [main/DEBUG] (FabricLoader/Entrypoint) Registering new-style initializer net.fabricmc.fabric.impl.networking.client.ClientNetworkingImpl::clientInit for mod fabric-networking-api-v1 (key client)
[22:26:38] [main/DEBUG] (FabricLoader/Entrypoint) Registering new-style initializer net.fabricmc.fabric.impl.networking.CommonPacketsImpl::init for mod fabric-networking-api-v1 (key main)
[22:26:38] [main/DEBUG] (FabricLoader/Entrypoint) Registering new-style initializer net.fabricmc.fabric.impl.networking.NetworkingImpl::init for mod fabric-networking-api-v1 (key main)
[22:26:38] [main/DEBUG] (FabricLoader/Entrypoint) Registering new-style initializer net.fabricmc.fabric.impl.recipe.ingredient.client.CustomIngredientSyncClient for mod fabric-recipe-api-v1 (key client)
[22:26:38] [main/DEBUG] (FabricLoader/Entrypoint) Registering new-style initializer net.fabricmc.fabric.impl.recipe.sync.client.RecipeSyncImplClient for mod fabric-recipe-api-v1 (key client)
[22:26:38] [main/DEBUG] (FabricLoader/Entrypoint) Registering new-style initializer net.fabricmc.fabric.impl.recipe.ingredient.CustomIngredientInit for mod fabric-recipe-api-v1 (key main)
[22:26:38] [main/DEBUG] (FabricLoader/Entrypoint) Registering new-style initializer net.fabricmc.fabric.impl.recipe.ingredient.CustomIngredientSync for mod fabric-recipe-api-v1 (key main)
[22:26:38] [main/DEBUG] (FabricLoader/Entrypoint) Registering new-style initializer net.fabricmc.fabric.impl.recipe.sync.RecipeSyncImpl for mod fabric-recipe-api-v1 (key main)
[22:26:38] [main/DEBUG] (FabricLoader/Entrypoint) Registering new-style initializer net.fabricmc.fabric.impl.gametest.FabricGameTestModInitializer for mod fabric-gametest-api-v1 (key main)
[22:26:38] [main/INFO] (FabricLoader/Mixin) SpongePowered MIXIN Subsystem Version=0.8.7 Source=file:/C:/Users/Jonathan/.gradle/caches/modules-2/files-2.1/net.fabricmc/sponge-mixin/0.17.4+mixin.0.8.7/5f66cc9f59b8efaa942155a3d5a30599bf6640dd/sponge-mixin-0.17.4+mixin.0.8.7.jar Service=Knot/Fabric Env=SERVER
[22:26:38] [main/DEBUG] (FabricLoader/Mixin) Initialising Mixin Platform Manager
[22:26:38] [main/DEBUG] (FabricLoader/Mixin) Adding mixin platform agents for container ContainerHandleURI(file:///C:/Users/Jonathan/.gradle/caches/modules-2/files-2.1/net.fabricmc/fabric-loader/0.19.5/ff9e65cffca4a67f31523e1807fe0855940fcbfa/fabric-loader-0.19.5.jar)
[22:26:38] [main/DEBUG] (FabricLoader/Mixin) Instancing new MixinPlatformAgentDefault for ContainerHandleURI(file:///C:/Users/Jonathan/.gradle/caches/modules-2/files-2.1/net.fabricmc/fabric-loader/0.19.5/ff9e65cffca4a67f31523e1807fe0855940fcbfa/fabric-loader-0.19.5.jar)
[22:26:38] [main/DEBUG] (FabricLoader/Mixin) MixinPlatformAgentDefault accepted container ContainerHandleURI(file:///C:/Users/Jonathan/.gradle/caches/modules-2/files-2.1/net.fabricmc/fabric-loader/0.19.5/ff9e65cffca4a67f31523e1807fe0855940fcbfa/fabric-loader-0.19.5.jar)
[22:26:38] [main/DEBUG] (FabricLoader/Mixin) Instancing new MixinPlatformAgentDefault for ContainerHandleURI(file:///C:/Users/Jonathan/.gradle/caches/modules-2/files-2.1/net.fabricmc/fabric-loader/0.19.5/ff9e65cffca4a67f31523e1807fe0855940fcbfa/fabric-loader-0.19.5.jar)
[22:26:38] [main/DEBUG] (FabricLoader/Mixin) MixinPlatformAgentDefault accepted container ContainerHandleURI(file:///C:/Users/Jonathan/.gradle/caches/modules-2/files-2.1/net.fabricmc/fabric-loader/0.19.5/ff9e65cffca4a67f31523e1807fe0855940fcbfa/fabric-loader-0.19.5.jar)
[22:26:38] [main/DEBUG] (FabricLoader/Mixin) Processing prepare() for PlatformAgent[MixinPlatformAgentDefault:ContainerHandleURI(file:///C:/Users/Jonathan/.gradle/caches/modules-2/files-2.1/net.fabricmc/fabric-loader/0.19.5/ff9e65cffca4a67f31523e1807fe0855940fcbfa/fabric-loader-0.19.5.jar)]
[22:26:38] [main/DEBUG] (FabricLoader/Mixin) Processing prepare() for PlatformAgent[MixinPlatformAgentDefault:ContainerHandleURI(file:///C:/Users/Jonathan/.gradle/caches/modules-2/files-2.1/net.fabricmc/fabric-loader/0.19.5/ff9e65cffca4a67f31523e1807fe0855940fcbfa/fabric-loader-0.19.5.jar)]
[22:26:38] [main/DEBUG] (FabricLoader/Mixin) Compatibility level JAVA_25 specified by fabric-data-generation-api-v1.mixins.json is higher than the maximum level supported by this version of mixin (JAVA_13).
[22:26:38] [main/DEBUG] (FabricLoader/Mixin) Compatibility level set to JAVA_25
[22:26:38] [main/DEBUG] (FabricLoader/Mixin) Mixin config fabric-data-generation-api-v1.mixins.json does not specify "minVersion" or "requiredFeatures" property
[22:26:38] [main/DEBUG] (FabricLoader/Mixin) Mixin config fabric-convention-tags-api-v2.mixins.json does not specify "minVersion" or "requiredFeatures" property
[22:26:38] [main/DEBUG] (FabricLoader/Mixin) Mixin config fabric-content-registries-v0.mixins.json does not specify "minVersion" or "requiredFeatures" property
[22:26:38] [main/DEBUG] (FabricLoader/Mixin) Mixin config fabric-particles-v1.mixins.json does not specify "minVersion" or "requiredFeatures" property
[22:26:38] [main/DEBUG] (FabricLoader/Mixin) Mixin config fabric-lifecycle-events-v1.mixins.json does not specify "minVersion" or "requiredFeatures" property
[22:26:38] [main/DEBUG] (FabricLoader/Mixin) Mixin config fabric-api-lookup-api-v1.mixins.json does not specify "minVersion" or "requiredFeatures" property
[22:26:38] [main/DEBUG] (FabricLoader/Mixin) Mixin config fabric-block-getter-api-v2.mixins.json does not specify "minVersion" or "requiredFeatures" property
[22:26:38] [main/DEBUG] (FabricLoader/Mixin) Mixin config fabric-menu-api-v1.mixins.json does not specify "minVersion" or "requiredFeatures" property
[22:26:38] [main/DEBUG] (FabricLoader/Mixin) Mixin config fabric-biome-api-v1.mixins.json does not specify "minVersion" or "requiredFeatures" property
[22:26:38] [main/DEBUG] (FabricLoader/Mixin) Mixin config fabric-serialization-api-v1.mixins.json does not specify "minVersion" or "requiredFeatures" property
[22:26:38] [main/DEBUG] (FabricLoader/Mixin) Mixin config fabric-data-attachment-api-v1.mixins.json does not specify "minVersion" or "requiredFeatures" property
[22:26:38] [main/DEBUG] (FabricLoader/Mixin) Mixin config fabric-object-builder-v1.mixins.json does not specify "minVersion" or "requiredFeatures" property
[22:26:38] [main/DEBUG] (FabricLoader/Mixin) Mixin config fabric-item-api-v1.mixins.json does not specify "minVersion" or "requiredFeatures" property
[22:26:38] [main/DEBUG] (FabricLoader/Mixin) Mixin config fabric-block-api-v1.mixins.json does not specify "minVersion" or "requiredFeatures" property
[22:26:38] [main/DEBUG] (FabricLoader/Mixin) Mixin config fabric-debug-api-v1.mixins.json does not specify "minVersion" or "requiredFeatures" property
[22:26:38] [main/DEBUG] (FabricLoader/Mixin) Mixin config fabric-loot-api-v3.mixins.json does not specify "minVersion" or "requiredFeatures" property
[22:26:38] [main/DEBUG] (FabricLoader/Mixin) Mixin config fabric-resource-conditions-api-v1.mixins.json does not specify "minVersion" or "requiredFeatures" property
[22:26:38] [main/DEBUG] (FabricLoader/Mixin) Mixin config logstripper.mixins.json does not specify "minVersion" or "requiredFeatures" property
[22:26:38] [main/DEBUG] (FabricLoader/Mixin) Mixin config fabric-resource-loader-v1.mixins.json does not specify "minVersion" or "requiredFeatures" property
[22:26:38] [main/DEBUG] (FabricLoader/Mixin) Mixin config fabric-transfer-api-v1.mixins.json does not specify "minVersion" or "requiredFeatures" property
[22:26:38] [main/DEBUG] (FabricLoader/Mixin) Mixin config fabric-message-api-v1.mixins.json does not specify "minVersion" or "requiredFeatures" property
[22:26:38] [main/DEBUG] (FabricLoader/Mixin) Mixin config fabric-creative-tab-api-v1.mixins.json does not specify "minVersion" or "requiredFeatures" property
[22:26:38] [main/DEBUG] (FabricLoader/Mixin) Mixin config fabric-tag-api-v1.mixins.json does not specify "minVersion" or "requiredFeatures" property
[22:26:38] [main/DEBUG] (FabricLoader/Mixin) Mixin config fabric-permission-api-v1.mixins.json does not specify "minVersion" or "requiredFeatures" property
[22:26:38] [main/DEBUG] (FabricLoader/Mixin) Mixin config fabric-registry-sync-v0.mixins.json does not specify "minVersion" or "requiredFeatures" property
[22:26:38] [main/DEBUG] (FabricLoader/Mixin) Mixin config fabric-events-interaction-v0.mixins.json does not specify "minVersion" or "requiredFeatures" property
[22:26:38] [main/DEBUG] (FabricLoader/Mixin) Mixin config fabric-entity-events-v1.mixins.json does not specify "minVersion" or "requiredFeatures" property
[22:26:38] [main/DEBUG] (FabricLoader/Mixin) Mixin config fabric-command-api-v2.mixins.json does not specify "minVersion" or "requiredFeatures" property
[22:26:38] [main/DEBUG] (FabricLoader/Mixin) Mixin config fabric-dimensions-v1.mixins.json does not specify "minVersion" or "requiredFeatures" property
[22:26:38] [main/DEBUG] (FabricLoader/Mixin) Mixin config fabric-networking-api-v1.mixins.json does not specify "minVersion" or "requiredFeatures" property
[22:26:38] [main/DEBUG] (FabricLoader/Mixin) Mixin config fabric-recipe-api-v1.mixins.json does not specify "minVersion" or "requiredFeatures" property
[22:26:38] [main/DEBUG] (FabricLoader/Mixin) Mixin config fabric-crash-report-info-v1.mixins.json does not specify "minVersion" or "requiredFeatures" property
[22:26:38] [main/DEBUG] (FabricLoader/Mixin) Mixin config fabric-game-rule-api-v1.mixins.json does not specify "minVersion" or "requiredFeatures" property
[22:26:38] [main/DEBUG] (FabricLoader/Mixin) Mixin config fabric-gametest-api-v1.mixins.json does not specify "minVersion" or "requiredFeatures" property
[22:26:38] [main/DEBUG] (FabricLoader/Knot) Adding C:\Users\Jonathan\Documents\Minecraft\Projects\Wood Strip\log-stripper\.gradle\loom-cache\minecraftMaven\net\minecraft\minecraft-common-6974b2190e\26.3\minecraft-common-6974b2190e-26.3.jar to classpath.
[22:26:38] [main/DEBUG] (FabricLoader/Knot) Adding C:\Users\Jonathan\Documents\Minecraft\Projects\Wood Strip\log-stripper\build\classes\java\main to classpath.
[22:26:38] [main/DEBUG] (FabricLoader/Knot) Adding C:\Users\Jonathan\Documents\Minecraft\Projects\Wood Strip\log-stripper\build\resources\main to classpath.
[22:26:38] [main/DEBUG] (FabricLoader/Knot) Adding C:\Users\Jonathan\.gradle\caches\modules-2\files-2.1\net.fabricmc.fabric-api\fabric-api\0.160.6+26.3\e4cfcfa5c2903129518c9ae641bc5289939b67d6\fabric-api-0.160.6+26.3.jar to classpath.
[22:26:38] [main/DEBUG] (FabricLoader/Knot) Adding C:\Users\Jonathan\.gradle\caches\modules-2\files-2.1\io.github.llamalad7\mixinextras-fabric\0.5.5\d1055b99c0ab08a8403fe2da3d79ca28e6340a76\mixinextras-fabric-0.5.5.jar to classpath.
[22:26:38] [main/DEBUG] (FabricLoader/Knot) Adding C:\Users\Jonathan\.gradle\caches\modules-2\files-2.1\net.fabricmc\dev-launch-injector\0.2.1+build.8\da8bef7e6e2f952da707f282bdb46882a0fce5e3\dev-launch-injector-0.2.1+build.8.jar to classpath.
[22:26:38] [main/DEBUG] (FabricLoader/Knot) Adding C:\Users\Jonathan\.gradle\caches\modules-2\files-2.1\at.yawk.lz4\lz4-java\1.10.1\f541d7f910fe3d76f38f799c507c48cc81b12ecb\lz4-java-1.10.1.jar to classpath.
[22:26:38] [main/DEBUG] (FabricLoader/Knot) Adding C:\Users\Jonathan\.gradle\caches\modules-2\files-2.1\com.azure\azure-json\1.4.0\fcc1d354dbc3e0300e5276b1bf124d0247799cd8\azure-json-1.4.0.jar to classpath.
[22:26:38] [main/DEBUG] (FabricLoader/Knot) Adding C:\Users\Jonathan\.gradle\caches\modules-2\files-2.1\com.github.oshi\oshi-core\6.9.0\3224870731860cfcd7744581a05b559e94291e7\oshi-core-6.9.0.jar to classpath.
[22:26:38] [main/DEBUG] (FabricLoader/Knot) Adding C:\Users\Jonathan\.gradle\caches\modules-2\files-2.1\com.google.guava\failureaccess\1.0.3\aeaffd00d57023a2c947393ed251f0354f0985fc\failureaccess-1.0.3.jar to classpath.
[22:26:38] [main/DEBUG] (FabricLoader/Knot) Adding C:\Users\Jonathan\.gradle\caches\modules-2\files-2.1\com.google.guava\guava\33.6.0-jre\c376b13067cc99a5774403530953f7b05a91e218\guava-33.6.0-jre.jar to classpath.
[22:26:38] [main/DEBUG] (FabricLoader/Knot) Adding C:\Users\Jonathan\.gradle\caches\modules-2\files-2.1\com.microsoft.azure\msal4j\1.24.1\c233f2d047b9755f7041adf21a858c680e4c9242\msal4j-1.24.1.jar to classpath.
[22:26:38] [main/DEBUG] (FabricLoader/Knot) Adding C:\Users\Jonathan\.gradle\caches\modules-2\files-2.1\com.mojang\brigadier\1.3.11\3373d1e7bf00c8b99bed1ea4efb8c47344e4a887\brigadier-1.3.11.jar to classpath.
[22:26:38] [main/DEBUG] (FabricLoader/Knot) Adding C:\Users\Jonathan\.gradle\caches\modules-2\files-2.1\com.mojang\datafixerupper\10.0.21\b6b2ae770c02e0c1eb90f9985b151e9085a38d0b\datafixerupper-10.0.21.jar to classpath.
[22:26:38] [main/DEBUG] (FabricLoader/Knot) Adding C:\Users\Jonathan\.gradle\caches\modules-2\files-2.1\com.mojang\jtracy\1.14.38\cc2ad81342001b4281c305a298d7f50332354058\jtracy-1.14.38.jar to classpath.
[22:26:38] [main/DEBUG] (FabricLoader/Knot) Adding C:\Users\Jonathan\.gradle\caches\modules-2\files-2.1\com.mojang\jtracy\1.14.38\3e26b44141ba853b45f734f643a6a8ac8b8fc259\jtracy-1.14.38-natives-windows.jar to classpath.
[22:26:38] [main/DEBUG] (FabricLoader/Knot) Adding C:\Users\Jonathan\.gradle\caches\modules-2\files-2.1\commons-io\commons-io\2.20.0\36f3474daec2849c149e877614e7f979b2082cd2\commons-io-2.20.0.jar to classpath.
[22:26:38] [main/DEBUG] (FabricLoader/Knot) Adding C:\Users\Jonathan\.gradle\caches\modules-2\files-2.1\io.netty\netty-buffer\4.2.16.Final\5397ef65dcb60670e0e0dba4854522873af3070\netty-buffer-4.2.16.Final.jar to classpath.
[22:26:38] [main/DEBUG] (FabricLoader/Knot) Adding C:\Users\Jonathan\.gradle\caches\modules-2\files-2.1\io.netty\netty-codec-base\4.2.16.Final\1a01d45a9efc228c6d747525848b065e0656b5f\netty-codec-base-4.2.16.Final.jar to classpath.
[22:26:38] [main/DEBUG] (FabricLoader/Knot) Adding C:\Users\Jonathan\.gradle\caches\modules-2\files-2.1\io.netty\netty-codec-compression\4.2.16.Final\bdbbcfcdbe217b95c14a04df4fc5d31213d5c27c\netty-codec-compression-4.2.16.Final.jar to classpath.
[22:26:38] [main/DEBUG] (FabricLoader/Knot) Adding C:\Users\Jonathan\.gradle\caches\modules-2\files-2.1\io.netty\netty-codec-http\4.2.16.Final\b5e0715df90047ee5a0138c8f704f43c751009e4\netty-codec-http-4.2.16.Final.jar to classpath.
[22:26:38] [main/DEBUG] (FabricLoader/Knot) Adding C:\Users\Jonathan\.gradle\caches\modules-2\files-2.1\io.netty\netty-common\4.2.16.Final\c2bc7fa5acfa2afc777e944d84f0aa65559cc81e\netty-common-4.2.16.Final.jar to classpath.
[22:26:38] [main/DEBUG] (FabricLoader/Knot) Adding C:\Users\Jonathan\.gradle\caches\modules-2\files-2.1\io.netty\netty-handler\4.2.16.Final\cc82873ae4b6d14effe480740ad838de09add70d\netty-handler-4.2.16.Final.jar to classpath.
[22:26:38] [main/DEBUG] (FabricLoader/Knot) Adding C:\Users\Jonathan\.gradle\caches\modules-2\files-2.1\io.netty\netty-resolver\4.2.16.Final\fcea6d64273b59ab9127b68c16ae98af34642139\netty-resolver-4.2.16.Final.jar to classpath.
[22:26:38] [main/DEBUG] (FabricLoader/Knot) Adding C:\Users\Jonathan\.gradle\caches\modules-2\files-2.1\io.netty\netty-transport-classes-epoll\4.2.16.Final\cf90c7b892e284ba9f1545dce170168369b3b9d6\netty-transport-classes-epoll-4.2.16.Final.jar to classpath.
[22:26:38] [main/DEBUG] (FabricLoader/Knot) Adding C:\Users\Jonathan\.gradle\caches\modules-2\files-2.1\io.netty\netty-transport-classes-kqueue\4.2.16.Final\fa2bcf8c71626510f6fae173f78182117b70f7a\netty-transport-classes-kqueue-4.2.16.Final.jar to classpath.
[22:26:38] [main/DEBUG] (FabricLoader/Knot) Adding C:\Users\Jonathan\.gradle\caches\modules-2\files-2.1\io.netty\netty-transport-native-unix-common\4.2.16.Final\3cf32390f1b80af890ac44aa0698c2ff58c2a4d7\netty-transport-native-unix-common-4.2.16.Final.jar to classpath.
[22:26:38] [main/DEBUG] (FabricLoader/Knot) Adding C:\Users\Jonathan\.gradle\caches\modules-2\files-2.1\io.netty\netty-transport\4.2.16.Final\ae87a3bec51d503475a19fbd718bf777f2fc06c6\netty-transport-4.2.16.Final.jar to classpath.
[22:26:38] [main/DEBUG] (FabricLoader/Knot) Adding C:\Users\Jonathan\.gradle\caches\modules-2\files-2.1\it.unimi.dsi\fastutil\8.5.18\a6cff377eecc19c2037bf31568a6d7106b50ba1f\fastutil-8.5.18.jar to classpath.
[22:26:38] [main/DEBUG] (FabricLoader/Knot) Adding C:\Users\Jonathan\.gradle\caches\modules-2\files-2.1\net.java.dev.jna\jna-platform\5.17.0\a4934c44d25a9d8c2ddf4203affd20330cb3426f\jna-platform-5.17.0.jar to classpath.
[22:26:38] [main/DEBUG] (FabricLoader/Knot) Adding C:\Users\Jonathan\.gradle\caches\modules-2\files-2.1\net.java.dev.jna\jna\5.17.0\33d12735bef894440780fce64f9758d420c7bae2\jna-5.17.0.jar to classpath.
[22:26:38] [main/DEBUG] (FabricLoader/Knot) Adding C:\Users\Jonathan\.gradle\caches\modules-2\files-2.1\net.sf.jopt-simple\jopt-simple\5.0.4\4fdac2fbe92dfad86aa6e9301736f6b4342a3f5c\jopt-simple-5.0.4.jar to classpath.
[22:26:38] [main/DEBUG] (FabricLoader/Knot) Adding C:\Users\Jonathan\.gradle\caches\modules-2\files-2.1\org.apache.commons\commons-lang3\3.20.0\65897b3e5731220962e659e001904af3c3cbeba9\commons-lang3-3.20.0.jar to classpath.
[22:26:38] [main/DEBUG] (FabricLoader/Knot) Adding C:\Users\Jonathan\.gradle\caches\modules-2\files-2.1\org.joml\joml\1.10.9\438e036486bad66b189bff385dd07dea4f74a146\joml-1.10.9.jar to classpath.
[22:26:38] [main/DEBUG] (FabricLoader/Knot) Adding C:\Users\Jonathan\.gradle\caches\modules-2\files-2.1\org.jspecify\jspecify\1.0.0\7425a601c1c7ec76645a78d22b8c6a627edee507\jspecify-1.0.0.jar to classpath.
[22:26:38] [main/DEBUG] (FabricLoader/Knot) Adding C:\Users\Jonathan\.gradle\caches\modules-2\files-2.1\org.lwjgl\lwjgl-freetype\3.4.3\c01f319d5eeebaa143feb143cc746687c88075a\lwjgl-freetype-3.4.3-natives-windows.jar to classpath.
[22:26:38] [main/DEBUG] (FabricLoader/Knot) Adding C:\Users\Jonathan\.gradle\caches\modules-2\files-2.1\org.lwjgl\lwjgl-freetype\3.4.3\c611e83aea59f960d621c79c78de06745bc95a9e\lwjgl-freetype-3.4.3-natives-windows-arm64.jar to classpath.
[22:26:38] [main/DEBUG] (FabricLoader/Knot) Adding C:\Users\Jonathan\.gradle\caches\modules-2\files-2.1\org.lwjgl\lwjgl-jemalloc\3.4.3\d329f1d23bdb18e504f2f5900a93d24b2454bd05\lwjgl-jemalloc-3.4.3-natives-windows.jar to classpath.
[22:26:38] [main/DEBUG] (FabricLoader/Knot) Adding C:\Users\Jonathan\.gradle\caches\modules-2\files-2.1\org.lwjgl\lwjgl-jemalloc\3.4.3\7362dcccaf4ee997e9af3e267d5beacb4771e93e\lwjgl-jemalloc-3.4.3-natives-windows-arm64.jar to classpath.
[22:26:38] [main/DEBUG] (FabricLoader/Knot) Adding C:\Users\Jonathan\.gradle\caches\modules-2\files-2.1\org.lwjgl\lwjgl-openal\3.4.3\97c14cc0c264d64e4200fc319d86f559f8a6931\lwjgl-openal-3.4.3-natives-windows.jar to classpath.
[22:26:38] [main/DEBUG] (FabricLoader/Knot) Adding C:\Users\Jonathan\.gradle\caches\modules-2\files-2.1\org.lwjgl\lwjgl-openal\3.4.3\6198ef79d4c7a220fb65689b584e8e3a148c81b7\lwjgl-openal-3.4.3-natives-windows-arm64.jar to classpath.
[22:26:38] [main/DEBUG] (FabricLoader/Knot) Adding C:\Users\Jonathan\.gradle\caches\modules-2\files-2.1\org.lwjgl\lwjgl-opengl\3.4.3\8f46f873190aa1d89f0f59818afcf125bd88adde\lwjgl-opengl-3.4.3-natives-windows.jar to classpath.
[22:26:38] [main/DEBUG] (FabricLoader/Knot) Adding C:\Users\Jonathan\.gradle\caches\modules-2\files-2.1\org.lwjgl\lwjgl-opengl\3.4.3\f49d3b795fb4ea9b33c2b8403411eab8620879a1\lwjgl-opengl-3.4.3-natives-windows-arm64.jar to classpath.
[22:26:38] [main/DEBUG] (FabricLoader/Knot) Adding C:\Users\Jonathan\.gradle\caches\modules-2\files-2.1\org.lwjgl\lwjgl-sdl\3.4.3\b91110fdb7a3c09feaac07ee06e0757a8ac33d03\lwjgl-sdl-3.4.3-natives-windows.jar to classpath.
[22:26:38] [main/DEBUG] (FabricLoader/Knot) Adding C:\Users\Jonathan\.gradle\caches\modules-2\files-2.1\org.lwjgl\lwjgl-sdl\3.4.3\7ab134eaab451560b2248b89d2836214f4ce4f6b\lwjgl-sdl-3.4.3-natives-windows-arm64.jar to classpath.
[22:26:38] [main/DEBUG] (FabricLoader/Knot) Adding C:\Users\Jonathan\.gradle\caches\modules-2\files-2.1\org.lwjgl\lwjgl-shaderc\3.4.3\44266572b8b8b5bbb05e71f13471337ac0d62aba\lwjgl-shaderc-3.4.3-natives-windows.jar to classpath.
[22:26:38] [main/DEBUG] (FabricLoader/Knot) Adding C:\Users\Jonathan\.gradle\caches\modules-2\files-2.1\org.lwjgl\lwjgl-shaderc\3.4.3\bb28dabb8b7d8bea1a35de1a2be6aeade0e565d2\lwjgl-shaderc-3.4.3-natives-windows-arm64.jar to classpath.
[22:26:38] [main/DEBUG] (FabricLoader/Knot) Adding C:\Users\Jonathan\.gradle\caches\modules-2\files-2.1\org.lwjgl\lwjgl-spvc\3.4.3\996d1baf778567a6d8d6970a9eda5c4c18957386\lwjgl-spvc-3.4.3-natives-windows.jar to classpath.
[22:26:38] [main/DEBUG] (FabricLoader/Knot) Adding C:\Users\Jonathan\.gradle\caches\modules-2\files-2.1\org.lwjgl\lwjgl-spvc\3.4.3\220ef902b26215f0f4718e4cdf9aa49005e33f93\lwjgl-spvc-3.4.3-natives-windows-arm64.jar to classpath.
[22:26:38] [main/DEBUG] (FabricLoader/Knot) Adding C:\Users\Jonathan\.gradle\caches\modules-2\files-2.1\org.lwjgl\lwjgl-stb\3.4.3\ada47b3ce6917bd113759f5caad20f2cca06d4c\lwjgl-stb-3.4.3-natives-windows.jar to classpath.
[22:26:38] [main/DEBUG] (FabricLoader/Knot) Adding C:\Users\Jonathan\.gradle\caches\modules-2\files-2.1\org.lwjgl\lwjgl-stb\3.4.3\94ff1f4b128a8224fbef93d4b8b9b503c65b402\lwjgl-stb-3.4.3-natives-windows-arm64.jar to classpath.
[22:26:38] [main/DEBUG] (FabricLoader/Knot) Adding C:\Users\Jonathan\.gradle\caches\modules-2\files-2.1\org.lwjgl\lwjgl-vma\3.4.3\ccdda5496cb9c1d77e7a7c94a3284ca44b5e3176\lwjgl-vma-3.4.3-natives-windows.jar to classpath.
[22:26:38] [main/DEBUG] (FabricLoader/Knot) Adding C:\Users\Jonathan\.gradle\caches\modules-2\files-2.1\org.lwjgl\lwjgl-vma\3.4.3\f895ba1ad2811d1461e5b46e5057ddcbfd65841e\lwjgl-vma-3.4.3-natives-windows-arm64.jar to classpath.
[22:26:38] [main/DEBUG] (FabricLoader/Knot) Adding C:\Users\Jonathan\.gradle\caches\modules-2\files-2.1\org.lwjgl\lwjgl\3.4.3\27e3d2f08b2bcf4fb56a58b836d9437419b980d7\lwjgl-3.4.3-natives-windows.jar to classpath.
[22:26:38] [main/DEBUG] (FabricLoader/Knot) Adding C:\Users\Jonathan\.gradle\caches\modules-2\files-2.1\org.lwjgl\lwjgl\3.4.3\cedd8fc68a4955a26e9ffdf3dc7d4d31c35e5194\lwjgl-3.4.3-natives-windows-arm64.jar to classpath.
[22:26:38] [main/DEBUG] (FabricLoader/Knot) Adding C:\Users\Jonathan\Documents\Minecraft\Projects\Wood Strip\log-stripper\.gradle\loom-cache\minecraftMaven\net\minecraft\minecraft-common-6974b2190e\26.3\minecraft-common-6974b2190e-26.3.jar to classpath.
[22:26:38] [main/DEBUG] (FabricLoader/Knot) Adding C:\Users\Jonathan\.gradle\caches\modules-2\files-2.1\io.netty\netty-transport-native-epoll\4.2.16.Final\439c24f5c27c220deb042b42e4048d606edeb78d\netty-transport-native-epoll-4.2.16.Final-linux-x86_64.jar to classpath.
[22:26:38] [main/DEBUG] (FabricLoader/Knot) Adding C:\Users\Jonathan\.gradle\caches\modules-2\files-2.1\io.netty\netty-transport-native-epoll\4.2.16.Final\eed34f3b37b4c46a0cbb49456ccc4e3bd7195e4c\netty-transport-native-epoll-4.2.16.Final-linux-aarch_64.jar to classpath.
[22:26:38] [main/DEBUG] (FabricLoader/Knot) Adding C:\Users\Jonathan\.gradle\caches\modules-2\files-2.1\io.netty\netty-transport-native-kqueue\4.2.16.Final\dd9d41b06355a6a1815d902ee087a693aab83755\netty-transport-native-kqueue-4.2.16.Final-osx-x86_64.jar to classpath.
[22:26:38] [main/DEBUG] (FabricLoader/Knot) Adding C:\Users\Jonathan\.gradle\caches\modules-2\files-2.1\io.netty\netty-transport-native-kqueue\4.2.16.Final\ddb942cad6c0e978caa2215757512b36c5ffacec\netty-transport-native-kqueue-4.2.16.Final-osx-aarch_64.jar to classpath.
[22:26:38] [main/DEBUG] (FabricLoader/Knot) Adding C:\Users\Jonathan\.gradle\caches\modules-2\files-2.1\net.fabricmc.fabric-api\fabric-transfer-api-v1\8.0.25+fcdff87f5d\4680f760ffbd28c38f899488ded76fd7c26082c8\fabric-transfer-api-v1-8.0.25+fcdff87f5d.jar to classpath.
[22:26:38] [main/DEBUG] (FabricLoader/Knot) Adding C:\Users\Jonathan\.gradle\caches\modules-2\files-2.1\net.fabricmc.fabric-api\fabric-api-lookup-api-v1\2.0.24+3434d6d95d\29c412a6baf8e69bf71cab6b7a65b5096ff29a3\fabric-api-lookup-api-v1-2.0.24+3434d6d95d.jar to classpath.
[22:26:38] [main/DEBUG] (FabricLoader/Knot) Adding C:\Users\Jonathan\.gradle\caches\modules-2\files-2.1\net.fabricmc.fabric-api\fabric-block-api-v1\3.1.0+0ae6f9115d\78badf0c664259627830111f2ac0ad2f9f0ff2f7\fabric-block-api-v1-3.1.0+0ae6f9115d.jar to classpath.
[22:26:38] [main/DEBUG] (FabricLoader/Knot) Adding C:\Users\Jonathan\.gradle\caches\modules-2\files-2.1\net.fabricmc.fabric-api\fabric-command-api-v2\3.1.2+fcdff87f5d\69de6c0f1f5926309dad2cd9569027a6d4d99493\fabric-command-api-v2-3.1.2+fcdff87f5d.jar to classpath.
[22:26:38] [main/DEBUG] (FabricLoader/Knot) Adding C:\Users\Jonathan\.gradle\caches\modules-2\files-2.1\net.fabricmc.fabric-api\fabric-content-registries-v0\15.0.4+74ed1ea55d\c316198aeaa747228437e01f8c81efb134dca9f2\fabric-content-registries-v0-15.0.4+74ed1ea55d.jar to classpath.
[22:26:38] [main/DEBUG] (FabricLoader/Knot) Adding C:\Users\Jonathan\.gradle\caches\modules-2\files-2.1\net.fabricmc.fabric-api\fabric-data-generation-api-v1\27.2.2+b28e9d205d\9793c87cf449ae37325ebfafde0b1ad7dd3b4c38\fabric-data-generation-api-v1-27.2.2+b28e9d205d.jar to classpath.
[22:26:38] [main/DEBUG] (FabricLoader/Knot) Adding C:\Users\Jonathan\.gradle\caches\modules-2\files-2.1\net.fabricmc.fabric-api\fabric-convention-tags-v2\4.10.2+5a4e5fc65d\2e70b968e1ccfc6a40503e019f7d22e90516e592\fabric-convention-tags-v2-4.10.2+5a4e5fc65d.jar to classpath.
[22:26:38] [main/DEBUG] (FabricLoader/Knot) Adding C:\Users\Jonathan\.gradle\caches\modules-2\files-2.1\net.fabricmc.fabric-api\fabric-creative-tab-api-v1\5.0.21+fcdff87f5d\c0d1736c1f7b6166f1925eb0bd79f9c97cd1494\fabric-creative-tab-api-v1-5.0.21+fcdff87f5d.jar to classpath.
[22:26:38] [main/DEBUG] (FabricLoader/Knot) Adding C:\Users\Jonathan\.gradle\caches\modules-2\files-2.1\net.fabricmc.fabric-api\fabric-data-attachment-api-v1\2.2.30+3434d6d95d\b31a17053b2113fde7011d5caa54871071f38fe\fabric-data-attachment-api-v1-2.2.30+3434d6d95d.jar to classpath.
[22:26:38] [main/DEBUG] (FabricLoader/Knot) Adding C:\Users\Jonathan\.gradle\caches\modules-2\files-2.1\net.fabricmc.fabric-api\fabric-debug-api-v1\1.0.4+3434d6d95d\e4812b5812a9d92b97604bdf2737780d3cc7612e\fabric-debug-api-v1-1.0.4+3434d6d95d.jar to classpath.
[22:26:38] [main/DEBUG] (FabricLoader/Knot) Adding C:\Users\Jonathan\.gradle\caches\modules-2\files-2.1\net.fabricmc.fabric-api\fabric-dimensions-v1\5.1.19+47f74c985d\2d10026da0876c1e887b512b26d2813a1646c132\fabric-dimensions-v1-5.1.19+47f74c985d.jar to classpath.
[22:26:38] [main/DEBUG] (FabricLoader/Knot) Adding C:\Users\Jonathan\.gradle\caches\modules-2\files-2.1\net.fabricmc.fabric-api\fabric-entity-events-v1\6.0.4+3434d6d95d\731754a9bdfc6784a41d8fb17cd6c08f58fe31e0\fabric-entity-events-v1-6.0.4+3434d6d95d.jar to classpath.
[22:26:38] [main/DEBUG] (FabricLoader/Knot) Adding C:\Users\Jonathan\.gradle\caches\modules-2\files-2.1\net.fabricmc.fabric-api\fabric-events-interaction-v0\5.3.6+3434d6d95d\de80f4728f8559f8e126b857288af8a27da57b81\fabric-events-interaction-v0-5.3.6+3434d6d95d.jar to classpath.
[22:26:38] [main/DEBUG] (FabricLoader/Knot) Adding C:\Users\Jonathan\.gradle\caches\modules-2\files-2.1\net.fabricmc.fabric-api\fabric-game-rule-api-v1\4.0.10+3434d6d95d\3f73b9e94995f6f8a0d38955b98b67ac8d6bb089\fabric-game-rule-api-v1-4.0.10+3434d6d95d.jar to classpath.
[22:26:38] [main/DEBUG] (FabricLoader/Knot) Adding C:\Users\Jonathan\.gradle\caches\modules-2\files-2.1\net.fabricmc.fabric-api\fabric-gametest-api-v1\4.0.32+3434d6d95d\ced6a55e4623994919224b07750f05231dad8c22\fabric-gametest-api-v1-4.0.32+3434d6d95d.jar to classpath.
[22:26:38] [main/DEBUG] (FabricLoader/Knot) Adding C:\Users\Jonathan\.gradle\caches\modules-2\files-2.1\net.fabricmc.fabric-api\fabric-item-api-v1\14.7.0+cf6bc2db5d\9d9e319928f67f49029c86ae56d0414997a534ac\fabric-item-api-v1-14.7.0+cf6bc2db5d.jar to classpath.
[22:26:38] [main/DEBUG] (FabricLoader/Knot) Adding C:\Users\Jonathan\.gradle\caches\modules-2\files-2.1\net.fabricmc.fabric-api\fabric-recipe-api-v1\10.0.8+fcdff87f5d\16ab72f3b3cc37f758a1ac01817b3909b02ce736\fabric-recipe-api-v1-10.0.8+fcdff87f5d.jar to classpath.
[22:26:38] [main/DEBUG] (FabricLoader/Knot) Adding C:\Users\Jonathan\.gradle\caches\modules-2\files-2.1\net.fabricmc.fabric-api\fabric-model-loading-api-v1\8.0.34+fcdff87f5d\d9e1da526bb240a7fe2eecf89d0db7c895d6b64d\fabric-model-loading-api-v1-8.0.34+fcdff87f5d.jar to classpath.
[22:26:38] [main/DEBUG] (FabricLoader/Knot) Adding C:\Users\Jonathan\.gradle\caches\modules-2\files-2.1\net.fabricmc.fabric-api\fabric-renderer-indigo\9.1.22+b9d63e335d\632413589f171428d629d7267336e0baf7a04af2\fabric-renderer-indigo-9.1.22+b9d63e335d.jar to classpath.
[22:26:38] [main/DEBUG] (FabricLoader/Knot) Adding C:\Users\Jonathan\.gradle\caches\modules-2\files-2.1\net.fabricmc.fabric-api\fabric-renderer-api-v1\17.0.14+2ce735b85d\638483e0db2384470d2fd48e052a496f24bc7d0e\fabric-renderer-api-v1-17.0.14+2ce735b85d.jar to classpath.
[22:26:38] [main/DEBUG] (FabricLoader/Knot) Adding C:\Users\Jonathan\.gradle\caches\modules-2\files-2.1\net.fabricmc.fabric-api\fabric-rendering-v1\27.0.14+901a437c5d\b7b356249f2c16fa58410e8c7694c75f0468a403\fabric-rendering-v1-27.0.14+901a437c5d.jar to classpath.
[22:26:38] [main/DEBUG] (FabricLoader/Knot) Adding C:\Users\Jonathan\.gradle\caches\modules-2\files-2.1\net.fabricmc.fabric-api\fabric-lifecycle-events-v1\4.1.9+ffef5f675d\4184b98a6c1dbfcf6c63dab29cf7f5812d9eaf73\fabric-lifecycle-events-v1-4.1.9+ffef5f675d.jar to classpath.
[22:26:38] [main/DEBUG] (FabricLoader/Knot) Adding C:\Users\Jonathan\.gradle\caches\modules-2\files-2.1\net.fabricmc.fabric-api\fabric-loot-api-v3\4.0.8+4068fd645d\3f74e49f671c5ef812512b9ff6ca35a531f06cf7\fabric-loot-api-v3-4.0.8+4068fd645d.jar to classpath.
[22:26:38] [main/DEBUG] (FabricLoader/Knot) Adding C:\Users\Jonathan\.gradle\caches\modules-2\files-2.1\net.fabricmc.fabric-api\fabric-menu-api-v1\2.0.27+ed66f0a35d\5f52c5da57fbbdd96604ed12bcec0a0fba779dfe\fabric-menu-api-v1-2.0.27+ed66f0a35d.jar to classpath.
[22:26:38] [main/DEBUG] (FabricLoader/Knot) Adding C:\Users\Jonathan\.gradle\caches\modules-2\files-2.1\net.fabricmc.fabric-api\fabric-message-api-v1\7.0.10+3434d6d95d\5b224f019d030f7bb70584866f4f6329fa9a21b3\fabric-message-api-v1-7.0.10+3434d6d95d.jar to classpath.
[22:26:38] [main/DEBUG] (FabricLoader/Knot) Adding C:\Users\Jonathan\.gradle\caches\modules-2\files-2.1\net.fabricmc.fabric-api\fabric-client-gametest-api-v1\6.0.7+4be74c3f5d\b5512c68896b9692f81db7ddc5f2f6d72b18615\fabric-client-gametest-api-v1-6.0.7+4be74c3f5d.jar to classpath.
[22:26:38] [main/DEBUG] (FabricLoader/Knot) Adding C:\Users\Jonathan\.gradle\caches\modules-2\files-2.1\net.fabricmc.fabric-api\fabric-particles-v1\5.0.24+3434d6d95d\f737b753bad5f3b94d9d07985853539f4c6ee416\fabric-particles-v1-5.0.24+3434d6d95d.jar to classpath.
[22:26:38] [main/DEBUG] (FabricLoader/Knot) Adding C:\Users\Jonathan\.gradle\caches\modules-2\files-2.1\net.fabricmc.fabric-api\fabric-object-builder-api-v1\24.1.9+3434d6d95d\24f679e28b1c3a4fd44b339a03161774f880139\fabric-object-builder-api-v1-24.1.9+3434d6d95d.jar to classpath.
[22:26:38] [main/DEBUG] (FabricLoader/Knot) Adding C:\Users\Jonathan\.gradle\caches\modules-2\files-2.1\net.fabricmc.fabric-api\fabric-registry-sync-v0\8.0.1+fcdff87f5d\7c5c6642c01a0d37abccc8546b86833ca2c9e667\fabric-registry-sync-v0-8.0.1+fcdff87f5d.jar to classpath.
[22:26:38] [main/DEBUG] (FabricLoader/Knot) Adding C:\Users\Jonathan\.gradle\caches\modules-2\files-2.1\net.fabricmc.fabric-api\fabric-networking-api-v1\6.3.8+fcdff87f5d\1487018aa4c0cc74d0e32b89c5b2da9b1c00ebb8\fabric-networking-api-v1-6.3.8+fcdff87f5d.jar to classpath.
[22:26:38] [main/DEBUG] (FabricLoader/Knot) Adding C:\Users\Jonathan\.gradle\caches\modules-2\files-2.1\net.fabricmc.fabric-api\fabric-permission-api-v1\1.0.8+fcdff87f5d\b5ffb6d1e882755032aa6b79265e32699be57c88\fabric-permission-api-v1-1.0.8+fcdff87f5d.jar to classpath.
[22:26:38] [main/DEBUG] (FabricLoader/Knot) Adding C:\Users\Jonathan\.gradle\caches\modules-2\files-2.1\net.fabricmc.fabric-api\fabric-rendering-fluids-v1\6.0.6+3434d6d95d\f346710e5fb0751998cb84d4772b1b2827e1ad57\fabric-rendering-fluids-v1-6.0.6+3434d6d95d.jar to classpath.
[22:26:38] [main/DEBUG] (FabricLoader/Knot) Adding C:\Users\Jonathan\.gradle\caches\modules-2\files-2.1\net.fabricmc.fabric-api\fabric-tag-api-v1\2.1.10+fcdff87f5d\6b70d67fcea94ef97a08cda0d7810fd89238a83\fabric-tag-api-v1-2.1.10+fcdff87f5d.jar to classpath.
[22:26:38] [main/DEBUG] (FabricLoader/Knot) Adding C:\Users\Jonathan\.gradle\caches\modules-2\files-2.1\net.fabricmc.fabric-api\fabric-resource-loader-v0\3.3.26+4fc5413f5d\2fd2238d86a13d9f43244d030ae0a33ee8e4d092\fabric-resource-loader-v0-3.3.26+4fc5413f5d.jar to classpath.
[22:26:38] [main/DEBUG] (FabricLoader/Knot) Adding C:\Users\Jonathan\.gradle\caches\modules-2\files-2.1\net.fabricmc.fabric-api\fabric-resource-loader-v1\3.0.4+fcdff87f5d\23991cd88d413af9c9bc9fdaa43e1a4f7156917a\fabric-resource-loader-v1-3.0.4+fcdff87f5d.jar to classpath.
[22:26:38] [main/DEBUG] (FabricLoader/Knot) Adding C:\Users\Jonathan\.gradle\caches\modules-2\files-2.1\net.fabricmc.fabric-api\fabric-screen-api-v1\5.2.3+1087e13e5d\b721fcb3d9535c7d2051dbd4d88c9b04a8a61bc6\fabric-screen-api-v1-5.2.3+1087e13e5d.jar to classpath.
[22:26:38] [main/DEBUG] (FabricLoader/Knot) Adding C:\Users\Jonathan\.gradle\caches\modules-2\files-2.1\net.fabricmc.fabric-api\fabric-api-base\2.0.6+fcdff87f5d\449053de5093613bbdf6d439bedd431a7ad77da2\fabric-api-base-2.0.6+fcdff87f5d.jar to classpath.
[22:26:38] [main/DEBUG] (FabricLoader/Knot) Adding C:\Users\Jonathan\.gradle\caches\modules-2\files-2.1\net.fabricmc.fabric-api\fabric-biome-api-v1\20.0.9+74ed1ea55d\587c148a61dd7b76db105d39f556dd741fbbbe2f\fabric-biome-api-v1-20.0.9+74ed1ea55d.jar to classpath.
[22:26:38] [main/DEBUG] (FabricLoader/Knot) Adding C:\Users\Jonathan\.gradle\caches\modules-2\files-2.1\net.fabricmc.fabric-api\fabric-block-getter-api-v2\2.0.9+3434d6d95d\56fd2980cfdb2e557bd51dfa743d92bb7befcdb6\fabric-block-getter-api-v2-2.0.9+3434d6d95d.jar to classpath.
[22:26:38] [main/DEBUG] (FabricLoader/Knot) Adding C:\Users\Jonathan\.gradle\caches\modules-2\files-2.1\net.fabricmc.fabric-api\fabric-crash-report-info-v1\1.0.7+fcdff87f5d\a5531952f47841e359bc2ca8cb807add8c76c5c5\fabric-crash-report-info-v1-1.0.7+fcdff87f5d.jar to classpath.
[22:26:38] [main/DEBUG] (FabricLoader/Knot) Adding C:\Users\Jonathan\.gradle\caches\modules-2\files-2.1\net.fabricmc.fabric-api\fabric-key-mapping-api-v1\2.0.8+3434d6d95d\89eb86ef13d05ebc9f725f0c55d9db69abc6fc06\fabric-key-mapping-api-v1-2.0.8+3434d6d95d.jar to classpath.
[22:26:38] [main/DEBUG] (FabricLoader/Knot) Adding C:\Users\Jonathan\.gradle\caches\modules-2\files-2.1\net.fabricmc.fabric-api\fabric-resource-conditions-api-v1\6.1.5+3434d6d95d\c009f3d1b43e3e26053d4809055b265bbbfa7044\fabric-resource-conditions-api-v1-6.1.5+3434d6d95d.jar to classpath.
[22:26:38] [main/DEBUG] (FabricLoader/Knot) Adding C:\Users\Jonathan\.gradle\caches\modules-2\files-2.1\net.fabricmc.fabric-api\fabric-serialization-api-v1\2.0.7+74ed1ea55d\6461e300b93b46986d74f092660dd9d39a1125c0\fabric-serialization-api-v1-2.0.7+74ed1ea55d.jar to classpath.
[22:26:38] [main/DEBUG] (FabricLoader/Knot) Adding C:\Users\Jonathan\.gradle\caches\modules-2\files-2.1\net.fabricmc.fabric-api\fabric-sound-api-v1\2.0.7+3434d6d95d\59e460c1b9e943d662fd0827f0461ff60b7f23d1\fabric-sound-api-v1-2.0.7+3434d6d95d.jar to classpath.
[22:26:38] [main/DEBUG] (FabricLoader/Knot) Adding C:\Users\Jonathan\.gradle\caches\modules-2\files-2.1\net.fabricmc.fabric-api\fabric-transitive-access-wideners-v1\8.1.16+52268a0e5d\8322e1bc6d3e3993dce826a41f4a199944269bcb\fabric-transitive-access-wideners-v1-8.1.16+52268a0e5d.jar to classpath.
[22:26:38] [main/DEBUG] (FabricLoader/Entrypoint) No subscribers for entrypoint 'preLaunch'
[22:26:38] [main/DEBUG] (FabricLoader/Mixin) Preparing mixins for MixinEnvironment[DEFAULT]
[22:26:38] [main/DEBUG] (FabricLoader/Mixin) Selecting config fabric-data-generation-api-v1.mixins.json
[22:26:38] [main/DEBUG] (FabricLoader/Mixin) Selecting config fabric-convention-tags-api-v2.mixins.json
[22:26:38] [main/DEBUG] (FabricLoader/Mixin) Selecting config fabric-content-registries-v0.mixins.json
[22:26:38] [main/DEBUG] (FabricLoader/Mixin) Selecting config fabric-particles-v1.mixins.json
[22:26:38] [main/DEBUG] (FabricLoader/Mixin) Selecting config fabric-lifecycle-events-v1.mixins.json
[22:26:38] [main/DEBUG] (FabricLoader/Mixin) Selecting config fabric-api-lookup-api-v1.mixins.json
[22:26:38] [main/DEBUG] (FabricLoader/Mixin) Selecting config fabric-block-getter-api-v2.mixins.json
[22:26:38] [main/DEBUG] (FabricLoader/Mixin) Selecting config fabric-menu-api-v1.mixins.json
[22:26:38] [main/DEBUG] (FabricLoader/Mixin) Selecting config fabric-biome-api-v1.mixins.json
[22:26:38] [main/DEBUG] (FabricLoader/Mixin) Selecting config fabric-serialization-api-v1.mixins.json
[22:26:38] [main/DEBUG] (FabricLoader/Mixin) Selecting config fabric-data-attachment-api-v1.mixins.json
[22:26:38] [main/DEBUG] (FabricLoader/Mixin) Selecting config fabric-object-builder-v1.mixins.json
[22:26:38] [main/DEBUG] (FabricLoader/Mixin) Selecting config fabric-item-api-v1.mixins.json
[22:26:38] [main/DEBUG] (FabricLoader/Mixin) Selecting config fabric-block-api-v1.mixins.json
[22:26:38] [main/DEBUG] (FabricLoader/Mixin) Selecting config fabric-debug-api-v1.mixins.json
[22:26:38] [main/DEBUG] (FabricLoader/Mixin) Selecting config fabric-loot-api-v3.mixins.json
[22:26:38] [main/DEBUG] (FabricLoader/Mixin) Selecting config fabric-resource-conditions-api-v1.mixins.json
[22:26:38] [main/DEBUG] (FabricLoader/Mixin) Selecting config logstripper.mixins.json
[22:26:38] [main/DEBUG] (FabricLoader/Mixin) Selecting config fabric-resource-loader-v1.mixins.json
[22:26:38] [main/DEBUG] (FabricLoader/Mixin) Selecting config fabric-transfer-api-v1.mixins.json
[22:26:38] [main/DEBUG] (FabricLoader/Mixin) Selecting config mixinextras.init.mixins.json
[22:26:38] [main/DEBUG] (FabricLoader/MixinExtras|Service) com.llamalad7.mixinextras.service.MixinExtrasServiceImpl(version=0.5.5) is taking over from null
[22:26:38] [main/DEBUG] (FabricLoader/Mixin) Registering new injector for @Inject with org.spongepowered.asm.mixin.injection.struct.CallbackInjectionInfo
[22:26:38] [main/DEBUG] (FabricLoader/Mixin) Registering new injector for @ModifyArg with org.spongepowered.asm.mixin.injection.struct.ModifyArgInjectionInfo
[22:26:38] [main/DEBUG] (FabricLoader/Mixin) Registering new injector for @ModifyArgs with org.spongepowered.asm.mixin.injection.struct.ModifyArgsInjectionInfo
[22:26:38] [main/DEBUG] (FabricLoader/Mixin) Registering new injector for @Redirect with org.spongepowered.asm.mixin.injection.struct.RedirectInjectionInfo
[22:26:38] [main/DEBUG] (FabricLoader/Mixin) Registering new injector for @ModifyVariable with org.spongepowered.asm.mixin.injection.struct.ModifyVariableInjectionInfo
[22:26:38] [main/DEBUG] (FabricLoader/Mixin) Registering new injector for @ModifyConstant with org.spongepowered.asm.mixin.injection.struct.ModifyConstantInjectionInfo
[22:26:38] [main/DEBUG] (FabricLoader/Mixin) Selecting config fabric-message-api-v1.mixins.json
[22:26:38] [main/DEBUG] (FabricLoader/Mixin) Selecting config fabric-creative-tab-api-v1.mixins.json
[22:26:38] [main/DEBUG] (FabricLoader/Mixin) Selecting config fabric-tag-api-v1.mixins.json
[22:26:38] [main/DEBUG] (FabricLoader/Mixin) Selecting config fabric-permission-api-v1.mixins.json
[22:26:38] [main/DEBUG] (FabricLoader/Mixin) Selecting config fabric-registry-sync-v0.mixins.json
[22:26:38] [main/DEBUG] (FabricLoader/Mixin) Selecting config fabric-events-interaction-v0.mixins.json
[22:26:38] [main/DEBUG] (FabricLoader/Mixin) Selecting config fabric-entity-events-v1.mixins.json
[22:26:38] [main/DEBUG] (FabricLoader/Mixin) Selecting config fabric-command-api-v2.mixins.json
[22:26:38] [main/DEBUG] (FabricLoader/Mixin) Selecting config fabric-dimensions-v1.mixins.json
[22:26:38] [main/DEBUG] (FabricLoader/Mixin) Selecting config fabric-networking-api-v1.mixins.json
[22:26:38] [main/DEBUG] (FabricLoader/Mixin) Selecting config fabric-recipe-api-v1.mixins.json
[22:26:38] [main/DEBUG] (FabricLoader/Mixin) Selecting config fabric-crash-report-info-v1.mixins.json
[22:26:38] [main/DEBUG] (FabricLoader/Mixin) Selecting config fabric-game-rule-api-v1.mixins.json
[22:26:38] [main/DEBUG] (FabricLoader/Mixin) Selecting config fabric-gametest-api-v1.mixins.json
[22:26:38] [main/DEBUG] (FabricLoader/Mixin) Preparing fabric-data-generation-api-v1.mixins.json (22)
[22:26:38] [main/DEBUG] (FabricLoader/Mixin) Preparing fabric-convention-tags-api-v2.mixins.json (1)
[22:26:38] [main/DEBUG] (FabricLoader/Mixin) Preparing fabric-content-registries-v0.mixins.json (18)
[22:26:38] [main/DEBUG] (FabricLoader/Mixin) Preparing fabric-particles-v1.mixins.json (8)
[22:26:38] [main/DEBUG] (FabricLoader/Mixin) Preparing fabric-lifecycle-events-v1.mixins.json (16)
[22:26:38] [main/DEBUG] (FabricLoader/Mixin) Preparing fabric-api-lookup-api-v1.mixins.json (2)
[22:26:38] [main/DEBUG] (FabricLoader/Mixin) Preparing fabric-block-getter-api-v2.mixins.json (3)
[22:26:39] [main/DEBUG] (FabricLoader/Mixin) Preparing fabric-menu-api-v1.mixins.json (2)
[22:26:39] [main/DEBUG] (FabricLoader/Mixin) Preparing fabric-biome-api-v1.mixins.json (8)
[22:26:39] [main/DEBUG] (FabricLoader/Mixin) Preparing fabric-serialization-api-v1.mixins.json (4)
[22:26:39] [main/DEBUG] (FabricLoader/Mixin) Preparing fabric-data-attachment-api-v1.mixins.json (18)
[22:26:39] [main/DEBUG] (FabricLoader/Mixin) Preparing fabric-object-builder-v1.mixins.json (12)
[22:26:39] [main/DEBUG] (FabricLoader/Mixin) Preparing fabric-item-api-v1.mixins.json (20)
[22:26:39] [main/DEBUG] (FabricLoader/Mixin) Preparing fabric-block-api-v1.mixins.json (10)
[22:26:39] [main/DEBUG] (FabricLoader/Mixin) Preparing fabric-debug-api-v1.mixins.json (2)
[22:26:39] [main/DEBUG] (FabricLoader/Mixin) Preparing fabric-loot-api-v3.mixins.json (7)
[22:26:39] [main/DEBUG] (FabricLoader/Mixin) Preparing fabric-resource-conditions-api-v1.mixins.json (8)
[22:26:39] [main/DEBUG] (FabricLoader/Mixin) Preparing logstripper.mixins.json (1)
[22:26:39] [main/DEBUG] (FabricLoader/Mixin) Preparing fabric-resource-loader-v1.mixins.json (15)
[22:26:39] [main/DEBUG] (FabricLoader/Mixin) Preparing fabric-transfer-api-v1.mixins.json (18)
[22:26:39] [main/DEBUG] (FabricLoader/Mixin) Preparing mixinextras.init.mixins.json (0)
[22:26:39] [main/DEBUG] (FabricLoader/Mixin) Preparing fabric-message-api-v1.mixins.json (2)
[22:26:39] [main/DEBUG] (FabricLoader/Mixin) Preparing fabric-creative-tab-api-v1.mixins.json (3)
[22:26:39] [main/DEBUG] (FabricLoader/Mixin) Preparing fabric-tag-api-v1.mixins.json (8)
[22:26:39] [main/DEBUG] (FabricLoader/Mixin) Preparing fabric-permission-api-v1.mixins.json (2)
[22:26:39] [main/DEBUG] (FabricLoader/Mixin) Preparing fabric-registry-sync-v0.mixins.json (19)
[22:26:39] [main/DEBUG] (FabricLoader/Mixin) Preparing fabric-events-interaction-v0.mixins.json (8)
[22:26:39] [main/DEBUG] (FabricLoader/Mixin) Preparing fabric-entity-events-v1.mixins.json (13)
[22:26:39] [main/DEBUG] (FabricLoader/Mixin) Preparing fabric-command-api-v2.mixins.json (5)
[22:26:39] [main/DEBUG] (FabricLoader/Mixin) Preparing fabric-dimensions-v1.mixins.json (7)
[22:26:39] [main/DEBUG] (FabricLoader/Mixin) Preparing fabric-networking-api-v1.mixins.json (27)
[22:26:39] [main/DEBUG] (FabricLoader/Mixin) Preparing fabric-recipe-api-v1.mixins.json (8)
[22:26:39] [main/DEBUG] (FabricLoader/Mixin) Preparing fabric-crash-report-info-v1.mixins.json (2)
[22:26:39] [main/DEBUG] (FabricLoader/Mixin) Preparing fabric-game-rule-api-v1.mixins.json (5)
[22:26:39] [main/DEBUG] (FabricLoader/Mixin) Preparing fabric-gametest-api-v1.mixins.json (4)
[22:26:39] [main/DEBUG] (FabricLoader/Mixin) Inner class net/fabricmc/fabric/mixin/transfer/ChiseledBookShelfBlockEntityMixin$1 in net/fabricmc/fabric/mixin/transfer/ChiseledBookShelfBlockEntityMixin on net/minecraft/world/level/block/entity/ChiseledBookShelfBlockEntity gets unique name net/minecraft/world/level/block/entity/ChiseledBookShelfBlockEntity$Anonymous$6b8fabc9a3dd3f94be74f1199f97fdb5
[22:26:39] [main/DEBUG] (FabricLoader/Mixin) Inner class net/fabricmc/fabric/mixin/creativetab/CreativeModeTabsMixin$1CreativeModeTabPosition in net/fabricmc/fabric/mixin/creativetab/CreativeModeTabsMixin on net/minecraft/world/item/CreativeModeTabs gets unique name net/minecraft/world/item/CreativeModeTabs$1CreativeModeTabPosition$0e98f82501ab3a9692342fe737dd0eec
[22:26:39] [main/DEBUG] (FabricLoader/Mixin) Inner class net/fabricmc/fabric/mixin/registry/sync/MappedRegistryMixin$1 in net/fabricmc/fabric/mixin/registry/sync/MappedRegistryMixin on net/minecraft/core/MappedRegistry gets unique name net/minecraft/core/MappedRegistry$Anonymous$0a3f9fa0a200368cad403406b73f8d7f
[22:26:39] [main/DEBUG] (FabricLoader/Mixin) Inner class net/fabricmc/fabric/mixin/gametest/StructureTemplateManagerMixin$1 in net/fabricmc/fabric/mixin/gametest/StructureTemplateManagerMixin on net/minecraft/world/level/levelgen/structure/templatesystem/StructureTemplateManager gets unique name net/minecraft/world/level/levelgen/structure/templatesystem/StructureTemplateManager$Anonymous$2385a326ce863bc0bf2a11ea898a45b4
[22:26:39] [main/DEBUG] (FabricLoader/Mixin) Prepared 307 mixins in 0.329 sec (1.1ms avg) (0ms load, 0ms transform, 0ms plugin)
[22:26:39] [main/INFO] (FabricLoader/MixinExtras|Service) Initializing MixinExtras via com.llamalad7.mixinextras.service.MixinExtrasServiceImpl(version=0.5.5).
[22:26:39] [main/DEBUG] (FabricLoader/Mixin) Registering new injector for @SugarWrapper with com.llamalad7.mixinextras.sugar.impl.SugarWrapperInjectionInfo
[22:26:39] [main/DEBUG] (FabricLoader/Mixin) Registering new injector for @FactoryRedirectWrapper with com.llamalad7.mixinextras.wrapper.factory.FactoryRedirectWrapperInjectionInfo
[22:26:39] [main/DEBUG] (FabricLoader/Mixin) Registering new injector for @ExpressionInjectorWrapper with com.llamalad7.mixinextras.expression.impl.wrapper.ExpressionInjectorWrapperInjectionInfo
[22:26:39] [main/DEBUG] (FabricLoader/Mixin) Mixing server.MainMixin from fabric-data-generation-api-v1.mixins.json into net.minecraft.server.Main
[22:26:39] [main/DEBUG] (FabricLoader/Mixin) Mixing MainMixin from fabric-registry-sync-v0.mixins.json into net.minecraft.server.Main
[22:26:39] [main/DEBUG] (FabricLoader/Mixin) Mixing server.MainMixin from fabric-gametest-api-v1.mixins.json into net.minecraft.server.Main
[22:26:39] [main/DEBUG] (FabricLoader/Mixin) fabric-data-generation-api-v1.mixins.json:server.MainMixin from mod fabric-data-generation-api-v1->@Inject::main([Ljava/lang/String;Lorg/spongepowered/asm/mixin/injection/callback/CallbackInfo;)V does use it's CallbackInfo
[22:26:39] [main/DEBUG] (FabricLoader/Mixin) fabric-registry-sync-v0.mixins.json:MainMixin from mod fabric-registry-sync-v0->@Inject::afterModInit(Lorg/spongepowered/asm/mixin/injection/callback/CallbackInfo;)V doesn't use it's CallbackInfo
[22:26:39] [main/DEBUG] (FabricLoader/Mixin) fabric-gametest-api-v1.mixins.json:server.MainMixin from mod fabric-gametest-api-v1->@Inject::main([Ljava/lang/String;Lorg/spongepowered/asm/mixin/injection/callback/CallbackInfo;)V does use it's CallbackInfo
[22:26:39] [main/DEBUG] (FabricLoader/Mixin) fabric-gametest-api-v1.mixins.json:server.MainMixin from mod fabric-gametest-api-v1->@Inject::exitOnError(Lorg/spongepowered/asm/mixin/injection/callback/CallbackInfo;)V doesn't use it's CallbackInfo
[22:26:39] [main/DEBUG] (io.netty.util.internal.logging.InternalLoggerFactory) Using SLF4J as the default logging framework
[22:26:39] [main/DEBUG] (io.netty.util.ResourceLeakDetector) -Dio.netty.leakDetection.level: simple
[22:26:39] [main/DEBUG] (io.netty.util.ResourceLeakDetector) -Dio.netty.leakDetection.targetRecords: 4
[22:26:39] [main/DEBUG] (FabricLoader/Mixin) Mixing SystemReportMixin from fabric-crash-report-info-v1.mixins.json into net.minecraft.SystemReport
[22:26:39] [main/DEBUG] (FabricLoader/Mixin) Renaming synthetic method lambda$appendMods$0(Lnet/fabricmc/loader/api/ModContainer;)Ljava/lang/String; to md7d4938$fabric-crash-report-info-v1$lambda$appendMods$0$0 in fabric-crash-report-info-v1.mixins.json:SystemReportMixin from mod fabric-crash-report-info-v1
[22:26:39] [main/DEBUG] (FabricLoader/Mixin) Renaming synthetic method lambda$fillSystemDetails$0()Ljava/lang/Object; to md7d4938$fabric-crash-report-info-v1$lambda$fillSystemDetails$0$1 in fabric-crash-report-info-v1.mixins.json:SystemReportMixin from mod fabric-crash-report-info-v1
[22:26:39] [main/DEBUG] (FabricLoader/Mixin) fabric-crash-report-info-v1.mixins.json:SystemReportMixin from mod fabric-crash-report-info-v1->@Inject::fillSystemDetails(Lorg/spongepowered/asm/mixin/injection/callback/CallbackInfo;)V doesn't use it's CallbackInfo
[22:26:39] [main/DEBUG] (FabricLoader/Mixin) fabric-crash-report-info-v1.mixins.json:SystemReportMixin from mod fabric-crash-report-info-v1->@Inject::fillSystemDetails(Lorg/spongepowered/asm/mixin/injection/callback/CallbackInfo;)V has 0 override(s) in child classes
[22:26:39] [main/DEBUG] (FabricLoader/Mixin) fabric-crash-report-info-v1.mixins.json:SystemReportMixin from mod fabric-crash-report-info-v1->@Inject::fillSystemDetails(Lorg/spongepowered/asm/mixin/injection/callback/CallbackInfo;)V won't be passed a CallbackInfo as a result
[22:26:39] [main/DEBUG] (oshi.software.os.windows.WindowsOperatingSystem) Debug privileges not enabled.
[22:26:39] [main/ERROR] (oshi.driver.windows.registry.HkeyPerformanceDataUtil) Unable to locate English counter names in registry Perflib 009. Counters may need to be rebuilt: 
com.sun.jna.platform.win32.Win32Exception: The parameter is incorrect.
	at knot//com.sun.jna.platform.win32.Advapi32Util.registryGetStringArray(Advapi32Util.java:921)
	at knot//com.sun.jna.platform.win32.Advapi32Util.registryGetStringArray(Advapi32Util.java:898)
	at knot//oshi.driver.windows.registry.HkeyPerformanceDataUtil.mapCounterIndicesFromRegistry(HkeyPerformanceDataUtil.java:274)
	at knot//oshi.driver.windows.registry.HkeyPerformanceDataUtil.<clinit>(HkeyPerformanceDataUtil.java:51)
	at knot//oshi.driver.windows.registry.ProcessPerformanceData.buildProcessMapFromRegistry(ProcessPerformanceData.java:45)
	at knot//oshi.software.os.windows.WindowsOperatingSystem.queryProcessMapFromRegistry(WindowsOperatingSystem.java:328)
	at knot//oshi.util.Memoizer$1.get(Memoizer.java:65)
	at knot//oshi.software.os.windows.WindowsOperatingSystem.processMapToList(WindowsOperatingSystem.java:298)
	at knot//oshi.software.os.windows.WindowsOperatingSystem.getProcess(WindowsOperatingSystem.java:292)
	at knot//oshi.software.os.OperatingSystem.getCurrentProcess(OperatingSystem.java:246)
	at knot//net.minecraft.SystemReport.lambda$putSoftware$0(SystemReport.java:116)
	at knot//net.minecraft.SystemReport.ignoreErrors(SystemReport.java:121)
	at knot//net.minecraft.SystemReport.putSoftware(SystemReport.java:116)
	at knot//net.minecraft.SystemReport.lambda$new$7(SystemReport.java:68)
	at knot//net.minecraft.SystemReport.ignoreErrors(SystemReport.java:121)
	at knot//net.minecraft.SystemReport.<init>(SystemReport.java:68)
	at knot//net.minecraft.CrashReport.<init>(CrashReport.java:35)
	at knot//net.minecraft.CrashReport.preload(CrashReport.java:252)
	at knot//net.minecraft.server.Main.main(Main.java:104)
	at net.fabricmc.loader.impl.game.minecraft.MinecraftGameProvider.launch(MinecraftGameProvider.java:517)
	at net.fabricmc.loader.impl.launch.knot.Knot.launch(Knot.java:72)
	at net.fabricmc.loader.impl.launch.knot.KnotServer.main(KnotServer.java:23)
	at net.fabricmc.devlaunchinjector.Main.main(Main.java:86)
[22:26:39] [main/DEBUG] (oshi.driver.windows.registry.HkeyPerformanceDataUtil) Couldn't find counter index of Process.
[22:26:39] [main/WARN] (oshi.util.platform.windows.PerfCounterQuery) Unable to locate English counter names in registry Perflib 009. Assuming English counters. Error 0x80070057. See https://support.microsoft.com/en-us/help/300956/how-to-manually-rebuild-performance-counter-library-values
[22:26:39] [main/DEBUG] (oshi.util.platform.windows.PerfCounterQuery) Localized Process to Process
[22:26:40] [main/WARN] (net.minecraft.SystemReport) Failed to get system info for Process Loads
java.lang.NullPointerException: Cannot invoke "oshi.software.os.OSProcess.getUserTime()" because "process" is null
	at knot//net.minecraft.SystemReport.lambda$putProcessDetails$0(SystemReport.java:190)
	at knot//net.minecraft.SystemReport.setDetail(SystemReport.java:96)
	at knot//net.minecraft.SystemReport.putProcessDetails(SystemReport.java:189)
	at knot//net.minecraft.SystemReport.lambda$putSoftware$0(SystemReport.java:116)
	at knot//net.minecraft.SystemReport.ignoreErrors(SystemReport.java:121)
	at knot//net.minecraft.SystemReport.putSoftware(SystemReport.java:116)
	at knot//net.minecraft.SystemReport.lambda$new$7(SystemReport.java:68)
	at knot//net.minecraft.SystemReport.ignoreErrors(SystemReport.java:121)
	at knot//net.minecraft.SystemReport.<init>(SystemReport.java:68)
	at knot//net.minecraft.CrashReport.<init>(CrashReport.java:35)
	at knot//net.minecraft.CrashReport.preload(CrashReport.java:252)
	at knot//net.minecraft.server.Main.main(Main.java:104)
	at net.fabricmc.loader.impl.game.minecraft.MinecraftGameProvider.launch(MinecraftGameProvider.java:517)
	at net.fabricmc.loader.impl.launch.knot.Knot.launch(Knot.java:72)
	at net.fabricmc.loader.impl.launch.knot.KnotServer.main(KnotServer.java:23)
	at net.fabricmc.devlaunchinjector.Main.main(Main.java:86)
[22:26:40] [main/WARN] (net.minecraft.SystemReport) Failed to get system info for Process Virtual Size (MiB)
java.lang.NullPointerException: Cannot invoke "oshi.software.os.OSProcess.getVirtualSize()" because "process" is null
	at knot//net.minecraft.SystemReport.lambda$putProcessDetails$1(SystemReport.java:202)
	at knot//net.minecraft.SystemReport.setDetail(SystemReport.java:96)
	at knot//net.minecraft.SystemReport.putProcessDetails(SystemReport.java:202)
	at knot//net.minecraft.SystemReport.lambda$putSoftware$0(SystemReport.java:116)
	at knot//net.minecraft.SystemReport.ignoreErrors(SystemReport.java:121)
	at knot//net.minecraft.SystemReport.putSoftware(SystemReport.java:116)
	at knot//net.minecraft.SystemReport.lambda$new$7(SystemReport.java:68)
	at knot//net.minecraft.SystemReport.ignoreErrors(SystemReport.java:121)
	at knot//net.minecraft.SystemReport.<init>(SystemReport.java:68)
	at knot//net.minecraft.CrashReport.<init>(CrashReport.java:35)
	at knot//net.minecraft.CrashReport.preload(CrashReport.java:252)
	at knot//net.minecraft.server.Main.main(Main.java:104)
	at net.fabricmc.loader.impl.game.minecraft.MinecraftGameProvider.launch(MinecraftGameProvider.java:517)
	at net.fabricmc.loader.impl.launch.knot.Knot.launch(Knot.java:72)
	at net.fabricmc.loader.impl.launch.knot.KnotServer.main(KnotServer.java:23)
	at net.fabricmc.devlaunchinjector.Main.main(Main.java:86)
[22:26:40] [main/WARN] (net.minecraft.SystemReport) Failed to get system info for Process Resident Size (MiB)
java.lang.NullPointerException: Cannot invoke "oshi.software.os.OSProcess.getResidentSetSize()" because "process" is null
	at knot//net.minecraft.SystemReport.lambda$putProcessDetails$2(SystemReport.java:203)
	at knot//net.minecraft.SystemReport.setDetail(SystemReport.java:96)
	at knot//net.minecraft.SystemReport.putProcessDetails(SystemReport.java:203)
	at knot//net.minecraft.SystemReport.lambda$putSoftware$0(SystemReport.java:116)
	at knot//net.minecraft.SystemReport.ignoreErrors(SystemReport.java:121)
	at knot//net.minecraft.SystemReport.putSoftware(SystemReport.java:116)
	at knot//net.minecraft.SystemReport.lambda$new$7(SystemReport.java:68)
	at knot//net.minecraft.SystemReport.ignoreErrors(SystemReport.java:121)
	at knot//net.minecraft.SystemReport.<init>(SystemReport.java:68)
	at knot//net.minecraft.CrashReport.<init>(CrashReport.java:35)
	at knot//net.minecraft.CrashReport.preload(CrashReport.java:252)
	at knot//net.minecraft.server.Main.main(Main.java:104)
	at net.fabricmc.loader.impl.game.minecraft.MinecraftGameProvider.launch(MinecraftGameProvider.java:517)
	at net.fabricmc.loader.impl.launch.knot.Knot.launch(Knot.java:72)
	at net.fabricmc.loader.impl.launch.knot.KnotServer.main(KnotServer.java:23)
	at net.fabricmc.devlaunchinjector.Main.main(Main.java:86)
[22:26:40] [main/DEBUG] (FabricLoader/Mixin) Mixing BootstrapMixin from fabric-registry-sync-v0.mixins.json into net.minecraft.server.Bootstrap
[22:26:40] [main/DEBUG] (FabricLoader/Mixin) Renaming synthetic method lambda$afterInitialize$1(Lnet/minecraft/world/level/material/Fluid;)Ljava/util/Collection; to md7d4938$fabric-registry-sync-v0$lambda$afterInitialize$1$0 in fabric-registry-sync-v0.mixins.json:BootstrapMixin from mod fabric-registry-sync-v0
[22:26:40] [main/DEBUG] (FabricLoader/Mixin) Renaming synthetic method lambda$afterInitialize$0(Lnet/minecraft/world/level/block/Block;)Ljava/util/Collection; to md7d4938$fabric-registry-sync-v0$lambda$afterInitialize$0$1 in fabric-registry-sync-v0.mixins.json:BootstrapMixin from mod fabric-registry-sync-v0
[22:26:40] [main/DEBUG] (FabricLoader/Mixin) fabric-registry-sync-v0.mixins.json:BootstrapMixin from mod fabric-registry-sync-v0->@Inject::afterInitialize(Lorg/spongepowered/asm/mixin/injection/callback/CallbackInfo;)V doesn't use it's CallbackInfo
[22:26:40] [main/DEBUG] (FabricLoader/Mixin) Mixing RegistryMixin from fabric-registry-sync-v0.mixins.json into net.minecraft.core.Registry
[22:26:40] [main/DEBUG] (FabricLoader/Mixin) Mixing BuiltInRegistriesMixin from fabric-object-builder-v1.mixins.json into net.minecraft.core.registries.BuiltInRegistries
[22:26:40] [main/DEBUG] (FabricLoader/Mixin) Mixing BuiltInRegistriesMixin from fabric-item-api-v1.mixins.json into net.minecraft.core.registries.BuiltInRegistries
[22:26:40] [main/DEBUG] (FabricLoader/Mixin) Mixing BuiltInRegistriesAccessor from fabric-registry-sync-v0.mixins.json into net.minecraft.core.registries.BuiltInRegistries
[22:26:40] [main/DEBUG] (FabricLoader/Mixin) Renaming @Accessor method getWRITABLE_REGISTRY()Lnet/minecraft/core/WritableRegistry; to getWRITABLE_REGISTRY$fabric-registry-sync-v0_$md$7d4938$0 in fabric-registry-sync-v0.mixins.json:BuiltInRegistriesAccessor from mod fabric-registry-sync-v0
[22:26:40] [main/DEBUG] (FabricLoader/Mixin) Mixing BuiltInRegistriesMixin from fabric-registry-sync-v0.mixins.json into net.minecraft.core.registries.BuiltInRegistries
[22:26:40] [main/DEBUG] (FabricLoader/Mixin) fabric-object-builder-v1.mixins.json:BuiltInRegistriesMixin from mod fabric-object-builder-api-v1->@Inject::modifyAttributes(Lorg/spongepowered/asm/mixin/injection/callback/CallbackInfo;)V doesn't use it's CallbackInfo
[22:26:40] [main/DEBUG] (FabricLoader/Mixin) fabric-item-api-v1.mixins.json:BuiltInRegistriesMixin from mod fabric-item-api-v1->@Inject::modifyDefaultItemComponents(Lorg/spongepowered/asm/mixin/injection/callback/CallbackInfo;)V doesn't use it's CallbackInfo
[22:26:40] [main/DEBUG] (FabricLoader/Mixin) fabric-registry-sync-v0.mixins.json:BuiltInRegistriesMixin from mod fabric-registry-sync-v0->@Inject::init(Lorg/spongepowered/asm/mixin/injection/callback/CallbackInfo;)V does use it's CallbackInfo
[22:26:40] [main/DEBUG] (FabricLoader/Mixin) Mixing MappedRegistryMixin from fabric-tag-api-v1.mixins.json into net.minecraft.core.MappedRegistry
[22:26:40] [main/DEBUG] (FabricLoader/Mixin) Mixing MappedRegistryAccessor from fabric-registry-sync-v0.mixins.json into net.minecraft.core.MappedRegistry
[22:26:40] [main/DEBUG] (FabricLoader/Mixin) Mixing MappedRegistryMixin from fabric-registry-sync-v0.mixins.json into net.minecraft.core.MappedRegistry
[22:26:40] [main/DEBUG] (FabricLoader/Mixin) Renaming synthetic method lambda$remap$0()Lnet/fabricmc/fabric/impl/registry/sync/RemapException; to md7d4938$fabric-registry-sync-v0$lambda$remap$0$0 in fabric-registry-sync-v0.mixins.json:MappedRegistryMixin from mod fabric-registry-sync-v0
[22:26:40] [main/DEBUG] (FabricLoader/Mixin) Renaming synthetic method lambda$init$3([Lnet/fabricmc/fabric/api/event/registry/RegistryIdRemapCallback;)Lnet/fabricmc/fabric/api/event/registry/RegistryIdRemapCallback; to md7d4938$fabric-registry-sync-v0$lambda$init$3$1 in fabric-registry-sync-v0.mixins.json:MappedRegistryMixin from mod fabric-registry-sync-v0
[22:26:40] [main/DEBUG] (FabricLoader/Mixin) Renaming synthetic method lambda$init$4([Lnet/fabricmc/fabric/api/event/registry/RegistryIdRemapCallback;Lnet/fabricmc/fabric/api/event/registry/RegistryIdRemapCallback$RemapState;)V to md7d4938$fabric-registry-sync-v0$lambda$init$4$2 in fabric-registry-sync-v0.mixins.json:MappedRegistryMixin from mod fabric-registry-sync-v0
[22:26:40] [main/DEBUG] (FabricLoader/Mixin) Renaming synthetic method lambda$init$2(ILnet/minecraft/resources/Identifier;Ljava/lang/Object;)V to md7d4938$fabric-registry-sync-v0$lambda$init$2$3 in fabric-registry-sync-v0.mixins.json:MappedRegistryMixin from mod fabric-registry-sync-v0
[22:26:40] [main/DEBUG] (FabricLoader/Mixin) Renaming synthetic method lambda$init$0([Lnet/fabricmc/fabric/api/event/registry/RegistryEntryAddedCallback;)Lnet/fabricmc/fabric/api/event/registry/RegistryEntryAddedCallback; to md7d4938$fabric-registry-sync-v0$lambda$init$0$4 in fabric-registry-sync-v0.mixins.json:MappedRegistryMixin from mod fabric-registry-sync-v0
[22:26:40] [main/DEBUG] (FabricLoader/Mixin) Renaming synthetic method lambda$init$1([Lnet/fabricmc/fabric/api/event/registry/RegistryEntryAddedCallback;ILnet/minecraft/resources/Identifier;Ljava/lang/Object;)V to md7d4938$fabric-registry-sync-v0$lambda$init$1$5 in fabric-registry-sync-v0.mixins.json:MappedRegistryMixin from mod fabric-registry-sync-v0
[22:26:40] [main/DEBUG] (FabricLoader/Mixin) Mixing MappedRegistryAccessor from fabric-dimensions-v1.mixins.json into net.minecraft.core.MappedRegistry
[22:26:40] [main/DEBUG] (FabricLoader/Mixin) fabric-registry-sync-v0.mixins.json:MappedRegistryMixin from mod fabric-registry-sync-v0->@Inject::init(Lnet/minecraft/resources/ResourceKey;Lcom/mojang/serialization/Lifecycle;ZLorg/spongepowered/asm/mixin/injection/callback/CallbackInfo;)V doesn't use it's CallbackInfo
[22:26:40] [main/DEBUG] (FabricLoader/Mixin) fabric-registry-sync-v0.mixins.json:MappedRegistryMixin from mod fabric-registry-sync-v0->@Inject::init(Lnet/minecraft/resources/ResourceKey;Lcom/mojang/serialization/Lifecycle;ZLorg/spongepowered/asm/mixin/injection/callback/CallbackInfo;)V has 0 override(s) in child classes
[22:26:40] [main/DEBUG] (FabricLoader/Mixin) fabric-registry-sync-v0.mixins.json:MappedRegistryMixin from mod fabric-registry-sync-v0->@Inject::init(Lnet/minecraft/resources/ResourceKey;Lcom/mojang/serialization/Lifecycle;ZLorg/spongepowered/asm/mixin/injection/callback/CallbackInfo;)V won't be passed a CallbackInfo as a result
[22:26:40] [main/DEBUG] (FabricLoader/Mixin) fabric-registry-sync-v0.mixins.json:MappedRegistryMixin from mod fabric-registry-sync-v0->@Inject::set(Lnet/minecraft/resources/ResourceKey;Ljava/lang/Object;Lnet/minecraft/core/RegistrationInfo;Lorg/spongepowered/asm/mixin/injection/callback/CallbackInfoReturnable;)V does use it's CallbackInfoReturnable
[22:26:40] [main/DEBUG] (FabricLoader/Mixin) Mixing RegistriesMixin from fabric-registry-sync-v0.mixins.json into net.minecraft.core.registries.Registries
[22:26:40] [main/DEBUG] (FabricLoader/Mixin) Mixing DataComponentInitializersMixin from fabric-item-api-v1.mixins.json into net.minecraft.core.component.DataComponentInitializers
[22:26:40] [main/DEBUG] (FabricLoader/Mixin) Renaming synthetic method lambda$captureLookup$0(Lcom/llamalad7/mixinextras/injector/wrapoperation/Operation;Lnet/minecraft/core/HolderLookup$Provider;Lnet/minecraft/core/component/DataComponentInitializers$PendingComponentBuilders;)Lnet/minecraft/core/component/DataComponentInitializers$PendingComponents; to md7d4938$fabric-item-api-v1$lambda$captureLookup$0$0 in fabric-item-api-v1.mixins.json:DataComponentInitializersMixin from mod fabric-item-api-v1
[22:26:40] [main/DEBUG] (FabricLoader/Mixin) Mixing effect.MobEffectMixin from fabric-entity-events-v1.mixins.json into net.minecraft.world.effect.MobEffect
[22:26:40] [main/DEBUG] (FabricLoader/Mixin) Mixing ArgumentTypeInfosAccessor from fabric-command-api-v2.mixins.json into net.minecraft.commands.synchronization.ArgumentTypeInfos
[22:26:40] [main/DEBUG] (FabricLoader/Mixin) Renaming @Accessor method fabric_getClassMap()Ljava/util/Map; to fabric_getClassMap$fabric-command-api-v2_$md$7d4938$0 in fabric-command-api-v2.mixins.json:ArgumentTypeInfosAccessor from mod fabric-command-api-v2
[22:26:40] [main/DEBUG] (FabricLoader/Mixin) Mixing CreativeModeTabsMixin from fabric-creative-tab-api-v1.mixins.json into net.minecraft.world.item.CreativeModeTabs
[22:26:40] [main/DEBUG] (FabricLoader/Mixin) Renaming synthetic method lambda$paginateTabs$0(Lnet/minecraft/core/Holder$Reference;Lnet/minecraft/core/Holder$Reference;)I to md7d4938$fabric-creative-tab-api-v1$lambda$paginateTabs$0$0 in fabric-creative-tab-api-v1.mixins.json:CreativeModeTabsMixin from mod fabric-creative-tab-api-v1
[22:26:40] [main/DEBUG] (FabricLoader/Mixin) fabric-creative-tab-api-v1.mixins.json:CreativeModeTabsMixin from mod fabric-creative-tab-api-v1->@Inject::deferDuplicateCheck(Lorg/spongepowered/asm/mixin/injection/callback/CallbackInfo;)V does use it's CallbackInfo
[22:26:40] [main/DEBUG] (FabricLoader/Mixin) fabric-creative-tab-api-v1.mixins.json:CreativeModeTabsMixin from mod fabric-creative-tab-api-v1->@Inject::paginateTabs(Lorg/spongepowered/asm/mixin/injection/callback/CallbackInfo;)V doesn't use it's CallbackInfo
[22:26:40] [main/DEBUG] (FabricLoader/Mixin) Mixing CreativeModeTabAccessor from fabric-creative-tab-api-v1.mixins.json into net.minecraft.world.item.CreativeModeTab
[22:26:40] [main/DEBUG] (FabricLoader/Mixin) Mixing CreativeModeTabMixin from fabric-creative-tab-api-v1.mixins.json into net.minecraft.world.item.CreativeModeTab
[22:26:40] [main/DEBUG] (FabricLoader/Mixin) Renaming synthetic method lambda$getStacks$0(Lnet/minecraft/world/item/CreativeModeTab;)Ljava/lang/IllegalStateException; to md7d4938$fabric-creative-tab-api-v1$lambda$getStacks$0$0 in fabric-creative-tab-api-v1.mixins.json:CreativeModeTabMixin from mod fabric-creative-tab-api-v1
[22:26:40] [main/DEBUG] (FabricLoader/Mixin) fabric-creative-tab-api-v1.mixins.json:CreativeModeTabMixin from mod fabric-creative-tab-api-v1->@Inject::getStacks(Lnet/minecraft/world/item/CreativeModeTab$ItemDisplayParameters;Lorg/spongepowered/asm/mixin/injection/callback/CallbackInfo;)V doesn't use it's CallbackInfo
[22:26:40] [main/DEBUG] (FabricLoader/Mixin) fabric-creative-tab-api-v1.mixins.json:CreativeModeTabMixin from mod fabric-creative-tab-api-v1->@Inject::getStacks(Lnet/minecraft/world/item/CreativeModeTab$ItemDisplayParameters;Lorg/spongepowered/asm/mixin/injection/callback/CallbackInfo;)V has 0 override(s) in child classes
[22:26:40] [main/DEBUG] (FabricLoader/Mixin) fabric-creative-tab-api-v1.mixins.json:CreativeModeTabMixin from mod fabric-creative-tab-api-v1->@Inject::getStacks(Lnet/minecraft/world/item/CreativeModeTab$ItemDisplayParameters;Lorg/spongepowered/asm/mixin/injection/callback/CallbackInfo;)V won't be passed a CallbackInfo as a result
[22:26:40] [main/DEBUG] (FabricLoader/Mixin) Mixing GameRuleMixin from fabric-game-rule-api-v1.mixins.json into net.minecraft.world.level.gamerules.GameRule
[22:26:40] [main/DEBUG] (FabricLoader/Mixin) Renaming synthetic method lambda$deserializeEnum$1(Ljava/lang/String;)Ljava/lang/String; to md7d4938$fabric-game-rule-api-v1$lambda$deserializeEnum$1$0 in fabric-game-rule-api-v1.mixins.json:GameRuleMixin from mod fabric-game-rule-api-v1
[22:26:40] [main/DEBUG] (FabricLoader/Mixin) Renaming synthetic method lambda$deserializeEnum$0(Ljava/lang/String;Ljava/lang/Class;)Ljava/lang/String; to md7d4938$fabric-game-rule-api-v1$lambda$deserializeEnum$0$1 in fabric-game-rule-api-v1.mixins.json:GameRuleMixin from mod fabric-game-rule-api-v1
[22:26:40] [main/DEBUG] (FabricLoader/Mixin) Mixing FireBlockMixin from fabric-content-registries-v0.mixins.json into net.minecraft.world.level.block.FireBlock
[22:26:40] [main/DEBUG] (FabricLoader/Mixin) fabric-content-registries-v0.mixins.json:FireBlockMixin from mod fabric-content-registries-v0->@Inject::afterConstruct(Lnet/minecraft/world/level/block/state/BlockBehaviour$Properties;Lorg/spongepowered/asm/mixin/injection/callback/CallbackInfo;)V doesn't use it's CallbackInfo
[22:26:40] [main/DEBUG] (FabricLoader/Mixin) fabric-content-registries-v0.mixins.json:FireBlockMixin from mod fabric-content-registries-v0->@Inject::afterConstruct(Lnet/minecraft/world/level/block/state/BlockBehaviour$Properties;Lorg/spongepowered/asm/mixin/injection/callback/CallbackInfo;)V has 0 override(s) in child classes
[22:26:40] [main/DEBUG] (FabricLoader/Mixin) fabric-content-registries-v0.mixins.json:FireBlockMixin from mod fabric-content-registries-v0->@Inject::afterConstruct(Lnet/minecraft/world/level/block/state/BlockBehaviour$Properties;Lorg/spongepowered/asm/mixin/injection/callback/CallbackInfo;)V won't be passed a CallbackInfo as a result
[22:26:40] [main/DEBUG] (FabricLoader/Mixin) fabric-content-registries-v0.mixins.json:FireBlockMixin from mod fabric-content-registries-v0->@Inject::getFabricBurnChance(Lnet/minecraft/world/level/block/state/BlockState;Lorg/spongepowered/asm/mixin/injection/callback/CallbackInfoReturnable;)V does use it's CallbackInfoReturnable
[22:26:40] [main/DEBUG] (FabricLoader/Mixin) fabric-content-registries-v0.mixins.json:FireBlockMixin from mod fabric-content-registries-v0->@Inject::getFabricSpreadChance(Lnet/minecraft/world/level/block/state/BlockState;Lorg/spongepowered/asm/mixin/injection/callback/CallbackInfoReturnable;)V does use it's CallbackInfoReturnable
[22:26:40] [main/DEBUG] (FabricLoader/Mixin) Mixing BlockMixin from fabric-block-api-v1.mixins.json into net.minecraft.world.level.block.Block
[22:26:40] [main/DEBUG] (FabricLoader/Mixin) Mixing BlockBehaviourAccessor from fabric-content-registries-v0.mixins.json into net.minecraft.world.level.block.state.BlockBehaviour
[22:26:40] [main/DEBUG] (FabricLoader/Mixin) Mixing BlockGetterMixin from fabric-block-getter-api-v2.mixins.json into net.minecraft.world.level.BlockGetter
[22:26:40] [main/DEBUG] (FabricLoader/Mixin) Mixing BlockStateMixin from fabric-block-api-v1.mixins.json into net.minecraft.world.level.block.state.BlockState
[22:26:40] [main/DEBUG] (FabricLoader/Mixin) Mixing BlockBehaviourBlockStateBaseMixin from fabric-content-registries-v0.mixins.json into net.minecraft.world.level.block.state.BlockBehaviour$BlockStateBase
[22:26:40] [main/DEBUG] (FabricLoader/Mixin) Mixing BlockBehaviourBlockStateBaseMixin from fabric-events-interaction-v0.mixins.json into net.minecraft.world.level.block.state.BlockBehaviour$BlockStateBase
[22:26:40] [main/DEBUG] (FabricLoader/Mixin) fabric-events-interaction-v0.mixins.json:BlockBehaviourBlockStateBaseMixin from mod fabric-events-interaction-v0->@Inject::callUseItemOnEvent(Lnet/minecraft/world/item/ItemStack;Lnet/minecraft/world/level/Level;Lnet/minecraft/world/entity/player/Player;Lnet/minecraft/world/InteractionHand;Lnet/minecraft/world/phys/BlockHitResult;Lorg/spongepowered/asm/mixin/injection/callback/CallbackInfoReturnable;)V does use it's CallbackInfoReturnable
[22:26:40] [main/DEBUG] (FabricLoader/Mixin) fabric-events-interaction-v0.mixins.json:BlockBehaviourBlockStateBaseMixin from mod fabric-events-interaction-v0->@Inject::callUseWithoutItemEvent(Lnet/minecraft/world/level/Level;Lnet/minecraft/world/entity/player/Player;Lnet/minecraft/world/phys/BlockHitResult;Lorg/spongepowered/asm/mixin/injection/callback/CallbackInfoReturnable;)V does use it's CallbackInfoReturnable
[22:26:40] [main/DEBUG] (FabricLoader/Mixin) Mixing fluid.EntityAccessor from fabric-content-registries-v0.mixins.json into net.minecraft.world.entity.Entity
[22:26:40] [main/DEBUG] (FabricLoader/Mixin) Mixing fluid.EntityMixin from fabric-content-registries-v0.mixins.json into net.minecraft.world.entity.Entity
[22:26:40] [main/DEBUG] (FabricLoader/Mixin) Mixing EntityMixin from fabric-particles-v1.mixins.json into net.minecraft.world.entity.Entity
[22:26:40] [main/DEBUG] (FabricLoader/Mixin) Mixing EntityMixin from fabric-lifecycle-events-v1.mixins.json into net.minecraft.world.entity.Entity
[22:26:40] [main/DEBUG] (FabricLoader/Mixin) Mixing AttachmentTargetsMixin from fabric-data-attachment-api-v1.mixins.json into net.minecraft.world.entity.Entity
[22:26:40] [main/DEBUG] (FabricLoader/Mixin) Renaming synthetic method lambda$fabric_updateSyncTarget$0(Lnet/fabricmc/fabric/impl/attachment/sync/AttachmentTargetInfo;Lnet/fabricmc/fabric/impl/attachment/sync/AttachmentTargetInfo;Lnet/fabricmc/fabric/api/attachment/v1/AttachmentType;Lnet/fabricmc/fabric/impl/attachment/sync/AttachmentChange;)Lnet/fabricmc/fabric/impl/attachment/sync/AttachmentChange; to md7d4938$fabric-data-attachment-api-v1$lambda$fabric_updateSyncTarget$0$0 in fabric-data-attachment-api-v1.mixins.json:AttachmentTargetsMixin from mod fabric-data-attachment-api-v1
[22:26:40] [main/DEBUG] (FabricLoader/Mixin) Renaming synthetic method lambda$fabric_sendAndClearDeferredSyncChanges$0(Lnet/fabricmc/fabric/api/attachment/v1/AttachmentType;)Lnet/fabricmc/fabric/impl/attachment/sync/AttachmentChange; to md7d4938$fabric-data-attachment-api-v1$lambda$fabric_sendAndClearDeferredSyncChanges$0$1 in fabric-data-attachment-api-v1.mixins.json:AttachmentTargetsMixin from mod fabric-data-attachment-api-v1
[22:26:40] [main/DEBUG] (FabricLoader/Mixin) Renaming synthetic method lambda$fabric_readAttachmentsFromNbt$0(Lnet/fabricmc/fabric/api/attachment/v1/AttachmentType;Ljava/lang/Object;)V to md7d4938$fabric-data-attachment-api-v1$lambda$fabric_readAttachmentsFromNbt$0$2 in fabric-data-attachment-api-v1.mixins.json:AttachmentTargetsMixin from mod fabric-data-attachment-api-v1
[22:26:40] [main/DEBUG] (FabricLoader/Mixin) Renaming synthetic method lambda$onAttachedSet$0(Lnet/fabricmc/fabric/api/attachment/v1/AttachmentType;)Lnet/fabricmc/fabric/api/event/Event; to md7d4938$fabric-data-attachment-api-v1$lambda$onAttachedSet$0$3 in fabric-data-attachment-api-v1.mixins.json:AttachmentTargetsMixin from mod fabric-data-attachment-api-v1
[22:26:40] [main/DEBUG] (FabricLoader/Mixin) Renaming synthetic method lambda$onAttachedSet$1([Lnet/fabricmc/fabric/api/attachment/v1/AttachmentTarget$OnAttachedSet;)Lnet/fabricmc/fabric/api/attachment/v1/AttachmentTarget$OnAttachedSet; to md7d4938$fabric-data-attachment-api-v1$lambda$onAttachedSet$1$4 in fabric-data-attachment-api-v1.mixins.json:AttachmentTargetsMixin from mod fabric-data-attachment-api-v1
[22:26:40] [main/DEBUG] (FabricLoader/Mixin) Renaming synthetic method lambda$onAttachedSet$2([Lnet/fabricmc/fabric/api/attachment/v1/AttachmentTarget$OnAttachedSet;Ljava/lang/Object;Ljava/lang/Object;)V to md7d4938$fabric-data-attachment-api-v1$lambda$onAttachedSet$2$5 in fabric-data-attachment-api-v1.mixins.json:AttachmentTargetsMixin from mod fabric-data-attachment-api-v1
[22:26:40] [main/DEBUG] (FabricLoader/Mixin) Mixing EntityMixin from fabric-data-attachment-api-v1.mixins.json into net.minecraft.world.entity.Entity
[22:26:40] [main/DEBUG] (FabricLoader/Mixin) Renaming synthetic method lambda$fabric_syncChange$0(Lnet/fabricmc/fabric/api/attachment/v1/AttachmentSyncPredicate;Lnet/fabricmc/fabric/impl/attachment/sync/AttachmentChange;Lnet/minecraft/server/level/ServerPlayer;)V to md7d4938$fabric-data-attachment-api-v1$lambda$fabric_syncChange$0$6 in fabric-data-attachment-api-v1.mixins.json:EntityMixin from mod fabric-data-attachment-api-v1
[22:26:40] [main/DEBUG] (FabricLoader/Mixin) Mixing EntityMixin from fabric-debug-api-v1.mixins.json into net.minecraft.world.entity.Entity
[22:26:40] [main/DEBUG] (FabricLoader/Mixin) Mixing EntityMixin from fabric-permission-api-v1.mixins.json into net.minecraft.world.entity.Entity
[22:26:40] [main/DEBUG] (FabricLoader/Mixin) Mixing EntityMixin from fabric-entity-events-v1.mixins.json into net.minecraft.world.entity.Entity
[22:26:40] [main/DEBUG] (FabricLoader/Mixin) fabric-data-attachment-api-v1.mixins.json:EntityMixin from mod fabric-data-attachment-api-v1->@Inject::readEntityAttachments(Lnet/minecraft/world/level/storage/ValueInput;Lorg/spongepowered/asm/mixin/injection/callback/CallbackInfo;)V doesn't use it's CallbackInfo
[22:26:40] [main/DEBUG] (FabricLoader/Mixin) fabric-data-attachment-api-v1.mixins.json:EntityMixin from mod fabric-data-attachment-api-v1->@Inject::readEntityAttachments(Lnet/minecraft/world/level/storage/ValueInput;Lorg/spongepowered/asm/mixin/injection/callback/CallbackInfo;)V has 0 override(s) in child classes
[22:26:40] [main/DEBUG] (FabricLoader/Mixin) fabric-data-attachment-api-v1.mixins.json:EntityMixin from mod fabric-data-attachment-api-v1->@Inject::readEntityAttachments(Lnet/minecraft/world/level/storage/ValueInput;Lorg/spongepowered/asm/mixin/injection/callback/CallbackInfo;)V won't be passed a CallbackInfo as a result
[22:26:40] [main/DEBUG] (FabricLoader/Mixin) fabric-data-attachment-api-v1.mixins.json:EntityMixin from mod fabric-data-attachment-api-v1->@Inject::writeEntityAttachments(Lnet/minecraft/world/level/storage/ValueOutput;Lorg/spongepowered/asm/mixin/injection/callback/CallbackInfo;)V doesn't use it's CallbackInfo
[22:26:40] [main/DEBUG] (FabricLoader/Mixin) fabric-data-attachment-api-v1.mixins.json:EntityMixin from mod fabric-data-attachment-api-v1->@Inject::writeEntityAttachments(Lnet/minecraft/world/level/storage/ValueOutput;Lorg/spongepowered/asm/mixin/injection/callback/CallbackInfo;)V has 0 override(s) in child classes
[22:26:40] [main/DEBUG] (FabricLoader/Mixin) fabric-data-attachment-api-v1.mixins.json:EntityMixin from mod fabric-data-attachment-api-v1->@Inject::writeEntityAttachments(Lnet/minecraft/world/level/storage/ValueOutput;Lorg/spongepowered/asm/mixin/injection/callback/CallbackInfo;)V won't be passed a CallbackInfo as a result
[22:26:40] [main/DEBUG] (FabricLoader/Mixin) fabric-data-attachment-api-v1.mixins.json:EntityMixin from mod fabric-data-attachment-api-v1->@Inject::setId(ILorg/spongepowered/asm/mixin/injection/callback/CallbackInfo;)V doesn't use it's CallbackInfo
[22:26:40] [main/DEBUG] (FabricLoader/Mixin) fabric-data-attachment-api-v1.mixins.json:EntityMixin from mod fabric-data-attachment-api-v1->@Inject::setId(ILorg/spongepowered/asm/mixin/injection/callback/CallbackInfo;)V has 0 override(s) in child classes
[22:26:40] [main/DEBUG] (FabricLoader/Mixin) fabric-data-attachment-api-v1.mixins.json:EntityMixin from mod fabric-data-attachment-api-v1->@Inject::setId(ILorg/spongepowered/asm/mixin/injection/callback/CallbackInfo;)V won't be passed a CallbackInfo as a result
[22:26:40] [main/DEBUG] (FabricLoader/Mixin) fabric-debug-api-v1.mixins.json:EntityMixin from mod fabric-debug-api-v1->@Inject::addDebugValues(Lnet/minecraft/server/level/ServerLevel;Lnet/minecraft/util/debug/DebugValueSource$Registration;Lorg/spongepowered/asm/mixin/injection/callback/CallbackInfo;)V doesn't use it's CallbackInfo
[22:26:40] [main/DEBUG] (FabricLoader/Mixin) fabric-debug-api-v1.mixins.json:EntityMixin from mod fabric-debug-api-v1->@Inject::addDebugValues(Lnet/minecraft/server/level/ServerLevel;Lnet/minecraft/util/debug/DebugValueSource$Registration;Lorg/spongepowered/asm/mixin/injection/callback/CallbackInfo;)V has 0 override(s) in child classes
[22:26:40] [main/DEBUG] (FabricLoader/Mixin) fabric-debug-api-v1.mixins.json:EntityMixin from mod fabric-debug-api-v1->@Inject::addDebugValues(Lnet/minecraft/server/level/ServerLevel;Lnet/minecraft/util/debug/DebugValueSource$Registration;Lorg/spongepowered/asm/mixin/injection/callback/CallbackInfo;)V won't be passed a CallbackInfo as a result
[22:26:40] [main/DEBUG] (FabricLoader/Mixin) fabric-permission-api-v1.mixins.json:EntityMixin from mod fabric-permission-api-v1->@Inject::createPermissionContext(Lnet/minecraft/world/entity/EntityType;Lnet/minecraft/world/level/Level;Lorg/spongepowered/asm/mixin/injection/callback/CallbackInfo;)V doesn't use it's CallbackInfo
[22:26:40] [main/DEBUG] (FabricLoader/Mixin) fabric-permission-api-v1.mixins.json:EntityMixin from mod fabric-permission-api-v1->@Inject::createPermissionContext(Lnet/minecraft/world/entity/EntityType;Lnet/minecraft/world/level/Level;Lorg/spongepowered/asm/mixin/injection/callback/CallbackInfo;)V has 0 override(s) in child classes
[22:26:40] [main/DEBUG] (FabricLoader/Mixin) fabric-permission-api-v1.mixins.json:EntityMixin from mod fabric-permission-api-v1->@Inject::createPermissionContext(Lnet/minecraft/world/entity/EntityType;Lnet/minecraft/world/level/Level;Lorg/spongepowered/asm/mixin/injection/callback/CallbackInfo;)V won't be passed a CallbackInfo as a result
[22:26:40] [main/DEBUG] (FabricLoader/Mixin) Mixing PlayerMixin from fabric-events-interaction-v0.mixins.json into net.minecraft.world.entity.player.Player
[22:26:40] [main/DEBUG] (FabricLoader/Mixin) Mixing PlayerMixin from fabric-entity-events-v1.mixins.json into net.minecraft.world.entity.player.Player
[22:26:40] [main/DEBUG] (FabricLoader/Mixin) fabric-events-interaction-v0.mixins.json:PlayerMixin from mod fabric-events-interaction-v0->@Inject::onPlayerInteractEntity(Lnet/minecraft/world/entity/Entity;Lorg/spongepowered/asm/mixin/injection/callback/CallbackInfo;)V does use it's CallbackInfo
[22:26:40] [main/DEBUG] (FabricLoader/Mixin) fabric-entity-events-v1.mixins.json:PlayerMixin from mod fabric-entity-events-v1->@Inject::onStartSleepInBed(Lnet/minecraft/world/level/block/AbstractBedBlock;Lnet/minecraft/world/level/block/state/BlockState;Lnet/minecraft/world/attribute/BedRule;Lnet/minecraft/core/BlockPos;Lorg/spongepowered/asm/mixin/injection/callback/CallbackInfoReturnable;)V does use it's CallbackInfoReturnable
[22:26:40] [main/DEBUG] (FabricLoader/Mixin) fabric-entity-events-v1.mixins.json:PlayerMixin from mod fabric-entity-events-v1->@Inject::onIsSleepingLongEnough(Lorg/spongepowered/asm/mixin/injection/callback/CallbackInfoReturnable;)V does use it's CallbackInfoReturnable
[22:26:40] [main/DEBUG] (FabricLoader/Mixin) Mixing fluid.LivingEntityAccessor from fabric-content-registries-v0.mixins.json into net.minecraft.world.entity.LivingEntity
[22:26:40] [main/DEBUG] (FabricLoader/Mixin) Mixing fluid.LivingEntityMixin from fabric-content-registries-v0.mixins.json into net.minecraft.world.entity.LivingEntity
[22:26:40] [main/DEBUG] (FabricLoader/Mixin) Mixing LivingEntityMixin from fabric-particles-v1.mixins.json into net.minecraft.world.entity.LivingEntity
[22:26:40] [main/DEBUG] (FabricLoader/Mixin) Mixing LivingEntityMixin from fabric-lifecycle-events-v1.mixins.json into net.minecraft.world.entity.LivingEntity
[22:26:40] [main/DEBUG] (FabricLoader/Mixin) Mixing LivingEntityMixin from fabric-item-api-v1.mixins.json into net.minecraft.world.entity.LivingEntity
[22:26:40] [main/DEBUG] (FabricLoader/Mixin) Mixing LivingEntityMixin from fabric-block-api-v1.mixins.json into net.minecraft.world.entity.LivingEntity
[22:26:40] [main/DEBUG] (FabricLoader/Mixin) Mixing LivingEntityMixin from fabric-entity-events-v1.mixins.json into net.minecraft.world.entity.LivingEntity
[22:26:40] [main/DEBUG] (FabricLoader/Mixin) Mixing effect.LivingEntityMixin from fabric-entity-events-v1.mixins.json into net.minecraft.world.entity.LivingEntity
[22:26:40] [main/DEBUG] (FabricLoader/Mixin) Mixing elytra.LivingEntityMixin from fabric-entity-events-v1.mixins.json into net.minecraft.world.entity.LivingEntity
[22:26:40] [main/DEBUG] (FabricLoader/Mixin) fabric-content-registries-v0.mixins.json:fluid.LivingEntityMixin from mod fabric-content-registries-v0->@Inject::travelFlyingInCustomFluid(Lnet/minecraft/world/phys/Vec3;FFFLorg/spongepowered/asm/mixin/injection/callback/CallbackInfo;)V does use it's CallbackInfo
[22:26:40] [main/DEBUG] (FabricLoader/Mixin) fabric-lifecycle-events-v1.mixins.json:LivingEntityMixin from mod fabric-lifecycle-events-v1->@Inject::getEquipmentChanges(Lorg/spongepowered/asm/mixin/injection/callback/CallbackInfoReturnable;)V doesn't use it's CallbackInfoReturnable
[22:26:40] [main/DEBUG] (FabricLoader/Mixin) fabric-lifecycle-events-v1.mixins.json:LivingEntityMixin from mod fabric-lifecycle-events-v1->@Inject::getEquipmentChanges(Lorg/spongepowered/asm/mixin/injection/callback/CallbackInfoReturnable;)V has 0 override(s) in child classes
[22:26:40] [main/DEBUG] (FabricLoader/Mixin) fabric-lifecycle-events-v1.mixins.json:LivingEntityMixin from mod fabric-lifecycle-events-v1->@Inject::getEquipmentChanges(Lorg/spongepowered/asm/mixin/injection/callback/CallbackInfoReturnable;)V won't be passed a CallbackInfoReturnable as a result
[22:26:40] [main/DEBUG] (FabricLoader/Mixin) fabric-item-api-v1.mixins.json:LivingEntityMixin from mod fabric-item-api-v1->@Inject::onGetPreferredEquipmentSlot(Lnet/minecraft/world/item/ItemStack;Lorg/spongepowered/asm/mixin/injection/callback/CallbackInfoReturnable;)V does use it's CallbackInfoReturnable
[22:26:40] [main/DEBUG] (FabricLoader/Mixin) fabric-block-api-v1.mixins.json:LivingEntityMixin from mod fabric-block-api-v1->@Inject::allowTaggedBlocksForTrapdoorClimbing(Lnet/minecraft/core/BlockPos;Lnet/minecraft/world/level/block/state/BlockState;Lorg/spongepowered/asm/mixin/injection/callback/CallbackInfoReturnable;)V does use it's CallbackInfoReturnable
[22:26:40] [main/DEBUG] (FabricLoader/Mixin) fabric-entity-events-v1.mixins.json:LivingEntityMixin from mod fabric-entity-events-v1->@Inject::notifyDeath(Lnet/minecraft/world/damagesource/DamageSource;Lorg/spongepowered/asm/mixin/injection/callback/CallbackInfo;)V doesn't use it's CallbackInfo
[22:26:40] [main/DEBUG] (FabricLoader/Mixin) fabric-entity-events-v1.mixins.json:LivingEntityMixin from mod fabric-entity-events-v1->@Inject::notifyDeath(Lnet/minecraft/world/damagesource/DamageSource;Lorg/spongepowered/asm/mixin/injection/callback/CallbackInfo;)V has 0 override(s) in child classes
[22:26:40] [main/DEBUG] (FabricLoader/Mixin) fabric-entity-events-v1.mixins.json:LivingEntityMixin from mod fabric-entity-events-v1->@Inject::notifyDeath(Lnet/minecraft/world/damagesource/DamageSource;Lorg/spongepowered/asm/mixin/injection/callback/CallbackInfo;)V won't be passed a CallbackInfo as a result
[22:26:40] [main/DEBUG] (FabricLoader/Mixin) fabric-entity-events-v1.mixins.json:LivingEntityMixin from mod fabric-entity-events-v1->@Inject::beforeDamage(Lnet/minecraft/server/level/ServerLevel;Lnet/minecraft/world/damagesource/DamageSource;FLorg/spongepowered/asm/mixin/injection/callback/CallbackInfoReturnable;)V does use it's CallbackInfoReturnable
[22:26:40] [main/DEBUG] (FabricLoader/Mixin) fabric-entity-events-v1.mixins.json:LivingEntityMixin from mod fabric-entity-events-v1->@Inject::afterDamage(Lnet/minecraft/server/level/ServerLevel;Lnet/minecraft/world/damagesource/DamageSource;FLorg/spongepowered/asm/mixin/injection/callback/CallbackInfoReturnable;)V doesn't use it's CallbackInfoReturnable
[22:26:40] [main/DEBUG] (FabricLoader/Mixin) fabric-entity-events-v1.mixins.json:LivingEntityMixin from mod fabric-entity-events-v1->@Inject::afterDamage(Lnet/minecraft/server/level/ServerLevel;Lnet/minecraft/world/damagesource/DamageSource;FLorg/spongepowered/asm/mixin/injection/callback/CallbackInfoReturnable;)V has 0 override(s) in child classes
[22:26:40] [main/DEBUG] (FabricLoader/Mixin) fabric-entity-events-v1.mixins.json:LivingEntityMixin from mod fabric-entity-events-v1->@Inject::afterDamage(Lnet/minecraft/server/level/ServerLevel;Lnet/minecraft/world/damagesource/DamageSource;FLorg/spongepowered/asm/mixin/injection/callback/CallbackInfoReturnable;)V won't be passed a CallbackInfoReturnable as a result
[22:26:40] [main/DEBUG] (FabricLoader/Mixin) fabric-entity-events-v1.mixins.json:LivingEntityMixin from mod fabric-entity-events-v1->@Inject::onSleep(Lnet/minecraft/core/BlockPos;Lorg/spongepowered/asm/mixin/injection/callback/CallbackInfoReturnable;)V does use it's CallbackInfoReturnable
[22:26:40] [main/DEBUG] (FabricLoader/Mixin) fabric-entity-events-v1.mixins.json:LivingEntityMixin from mod fabric-entity-events-v1->@Inject::onSleep(Lnet/minecraft/core/BlockPos;Lorg/spongepowered/asm/mixin/injection/callback/CallbackInfoReturnable;)V does use it's CallbackInfoReturnable
[22:26:40] [main/DEBUG] (FabricLoader/Mixin) fabric-entity-events-v1.mixins.json:LivingEntityMixin from mod fabric-entity-events-v1->@Inject::onSleep(Lnet/minecraft/core/BlockPos;Lorg/spongepowered/asm/mixin/injection/callback/CallbackInfoReturnable;)V does use it's CallbackInfoReturnable
[22:26:40] [main/DEBUG] (FabricLoader/Mixin) fabric-entity-events-v1.mixins.json:LivingEntityMixin from mod fabric-entity-events-v1->@Inject::onWakeUp(Lorg/spongepowered/asm/mixin/injection/callback/CallbackInfo;)V doesn't use it's CallbackInfo
[22:26:40] [main/DEBUG] (FabricLoader/Mixin) fabric-entity-events-v1.mixins.json:LivingEntityMixin from mod fabric-entity-events-v1->@Inject::onWakeUp(Lorg/spongepowered/asm/mixin/injection/callback/CallbackInfo;)V has 0 override(s) in child classes
[22:26:40] [main/DEBUG] (FabricLoader/Mixin) fabric-entity-events-v1.mixins.json:LivingEntityMixin from mod fabric-entity-events-v1->@Inject::onWakeUp(Lorg/spongepowered/asm/mixin/injection/callback/CallbackInfo;)V won't be passed a CallbackInfo as a result
[22:26:40] [main/DEBUG] (FabricLoader/Mixin) fabric-entity-events-v1.mixins.json:LivingEntityMixin from mod fabric-entity-events-v1->@Inject::onIsSleepingInBed(Lorg/spongepowered/asm/mixin/injection/callback/CallbackInfoReturnable;)V does use it's CallbackInfoReturnable
[22:26:40] [main/DEBUG] (FabricLoader/Mixin) fabric-entity-events-v1.mixins.json:effect.LivingEntityMixin from mod fabric-entity-events-v1->@Inject::beforeAddEffect(Lnet/minecraft/world/effect/MobEffectInstance;Lnet/minecraft/world/entity/Entity;Lorg/spongepowered/asm/mixin/injection/callback/CallbackInfoReturnable;)V doesn't use it's CallbackInfoReturnable
[22:26:40] [main/DEBUG] (FabricLoader/Mixin) fabric-entity-events-v1.mixins.json:effect.LivingEntityMixin from mod fabric-entity-events-v1->@Inject::beforeAddEffect(Lnet/minecraft/world/effect/MobEffectInstance;Lnet/minecraft/world/entity/Entity;Lorg/spongepowered/asm/mixin/injection/callback/CallbackInfoReturnable;)V has 0 override(s) in child classes
[22:26:40] [main/DEBUG] (FabricLoader/Mixin) fabric-entity-events-v1.mixins.json:effect.LivingEntityMixin from mod fabric-entity-events-v1->@Inject::beforeAddEffect(Lnet/minecraft/world/effect/MobEffectInstance;Lnet/minecraft/world/entity/Entity;Lorg/spongepowered/asm/mixin/injection/callback/CallbackInfoReturnable;)V won't be passed a CallbackInfoReturnable as a result
[22:26:40] [main/DEBUG] (FabricLoader/Mixin) fabric-entity-events-v1.mixins.json:effect.LivingEntityMixin from mod fabric-entity-events-v1->@Inject::beforeForceAddEffect(Lnet/minecraft/world/effect/MobEffectInstance;Lnet/minecraft/world/entity/Entity;Lorg/spongepowered/asm/mixin/injection/callback/CallbackInfo;)V doesn't use it's CallbackInfo
[22:26:40] [main/DEBUG] (FabricLoader/Mixin) fabric-entity-events-v1.mixins.json:effect.LivingEntityMixin from mod fabric-entity-events-v1->@Inject::beforeForceAddEffect(Lnet/minecraft/world/effect/MobEffectInstance;Lnet/minecraft/world/entity/Entity;Lorg/spongepowered/asm/mixin/injection/callback/CallbackInfo;)V has 0 override(s) in child classes
[22:26:40] [main/DEBUG] (FabricLoader/Mixin) fabric-entity-events-v1.mixins.json:effect.LivingEntityMixin from mod fabric-entity-events-v1->@Inject::beforeForceAddEffect(Lnet/minecraft/world/effect/MobEffectInstance;Lnet/minecraft/world/entity/Entity;Lorg/spongepowered/asm/mixin/injection/callback/CallbackInfo;)V won't be passed a CallbackInfo as a result
[22:26:40] [main/DEBUG] (FabricLoader/Mixin) fabric-entity-events-v1.mixins.json:effect.LivingEntityMixin from mod fabric-entity-events-v1->@Inject::afterAddEffect(Lnet/minecraft/world/effect/MobEffectInstance;Lnet/minecraft/world/entity/Entity;Lorg/spongepowered/asm/mixin/injection/callback/CallbackInfo;)V doesn't use it's CallbackInfo
[22:26:40] [main/DEBUG] (FabricLoader/Mixin) fabric-entity-events-v1.mixins.json:effect.LivingEntityMixin from mod fabric-entity-events-v1->@Inject::afterAddEffect(Lnet/minecraft/world/effect/MobEffectInstance;Lnet/minecraft/world/entity/Entity;Lorg/spongepowered/asm/mixin/injection/callback/CallbackInfo;)V has 0 override(s) in child classes
[22:26:40] [main/DEBUG] (FabricLoader/Mixin) fabric-entity-events-v1.mixins.json:effect.LivingEntityMixin from mod fabric-entity-events-v1->@Inject::afterAddEffect(Lnet/minecraft/world/effect/MobEffectInstance;Lnet/minecraft/world/entity/Entity;Lorg/spongepowered/asm/mixin/injection/callback/CallbackInfo;)V won't be passed a CallbackInfo as a result
[22:26:40] [main/DEBUG] (FabricLoader/Mixin) fabric-entity-events-v1.mixins.json:effect.LivingEntityMixin from mod fabric-entity-events-v1->@Inject::beforeRemoveEffect(Lnet/minecraft/core/Holder;Lorg/spongepowered/asm/mixin/injection/callback/CallbackInfoReturnable;)V doesn't use it's CallbackInfoReturnable
[22:26:40] [main/DEBUG] (FabricLoader/Mixin) fabric-entity-events-v1.mixins.json:effect.LivingEntityMixin from mod fabric-entity-events-v1->@Inject::beforeRemoveEffect(Lnet/minecraft/core/Holder;Lorg/spongepowered/asm/mixin/injection/callback/CallbackInfoReturnable;)V has 0 override(s) in child classes
[22:26:40] [main/DEBUG] (FabricLoader/Mixin) fabric-entity-events-v1.mixins.json:effect.LivingEntityMixin from mod fabric-entity-events-v1->@Inject::beforeRemoveEffect(Lnet/minecraft/core/Holder;Lorg/spongepowered/asm/mixin/injection/callback/CallbackInfoReturnable;)V won't be passed a CallbackInfoReturnable as a result
[22:26:40] [main/DEBUG] (FabricLoader/Mixin) fabric-entity-events-v1.mixins.json:effect.LivingEntityMixin from mod fabric-entity-events-v1->@Inject::beforeExpireRemoveEffect(Lorg/spongepowered/asm/mixin/injection/callback/CallbackInfo;)V doesn't use it's CallbackInfo
[22:26:40] [main/DEBUG] (FabricLoader/Mixin) fabric-entity-events-v1.mixins.json:effect.LivingEntityMixin from mod fabric-entity-events-v1->@Inject::beforeExpireRemoveEffect(Lorg/spongepowered/asm/mixin/injection/callback/CallbackInfo;)V has 0 override(s) in child classes
[22:26:40] [main/DEBUG] (FabricLoader/Mixin) fabric-entity-events-v1.mixins.json:effect.LivingEntityMixin from mod fabric-entity-events-v1->@Inject::beforeExpireRemoveEffect(Lorg/spongepowered/asm/mixin/injection/callback/CallbackInfo;)V won't be passed a CallbackInfo as a result
[22:26:40] [main/DEBUG] (FabricLoader/Mixin) fabric-entity-events-v1.mixins.json:effect.LivingEntityMixin from mod fabric-entity-events-v1->@Inject::beforeRemoveAllEffects(Lorg/spongepowered/asm/mixin/injection/callback/CallbackInfoReturnable;)V doesn't use it's CallbackInfoReturnable
[22:26:40] [main/DEBUG] (FabricLoader/Mixin) fabric-entity-events-v1.mixins.json:effect.LivingEntityMixin from mod fabric-entity-events-v1->@Inject::beforeRemoveAllEffects(Lorg/spongepowered/asm/mixin/injection/callback/CallbackInfoReturnable;)V has 0 override(s) in child classes
[22:26:40] [main/DEBUG] (FabricLoader/Mixin) fabric-entity-events-v1.mixins.json:effect.LivingEntityMixin from mod fabric-entity-events-v1->@Inject::beforeRemoveAllEffects(Lorg/spongepowered/asm/mixin/injection/callback/CallbackInfoReturnable;)V won't be passed a CallbackInfoReturnable as a result
[22:26:40] [main/DEBUG] (FabricLoader/Mixin) fabric-entity-events-v1.mixins.json:effect.LivingEntityMixin from mod fabric-entity-events-v1->@Inject::afterRemoveEffect(Ljava/util/Collection;Lorg/spongepowered/asm/mixin/injection/callback/CallbackInfo;)V doesn't use it's CallbackInfo
[22:26:40] [main/DEBUG] (FabricLoader/Mixin) fabric-entity-events-v1.mixins.json:effect.LivingEntityMixin from mod fabric-entity-events-v1->@Inject::afterRemoveEffect(Ljava/util/Collection;Lorg/spongepowered/asm/mixin/injection/callback/CallbackInfo;)V has 0 override(s) in child classes
[22:26:40] [main/DEBUG] (FabricLoader/Mixin) fabric-entity-events-v1.mixins.json:effect.LivingEntityMixin from mod fabric-entity-events-v1->@Inject::afterRemoveEffect(Ljava/util/Collection;Lorg/spongepowered/asm/mixin/injection/callback/CallbackInfo;)V won't be passed a CallbackInfo as a result
[22:26:40] [main/DEBUG] (FabricLoader/Mixin) fabric-entity-events-v1.mixins.json:effect.LivingEntityMixin from mod fabric-entity-events-v1->@Inject::afterRemoveEffect(Ljava/util/Collection;Lorg/spongepowered/asm/mixin/injection/callback/CallbackInfo;)V doesn't use it's CallbackInfo
[22:26:40] [main/DEBUG] (FabricLoader/Mixin) fabric-entity-events-v1.mixins.json:effect.LivingEntityMixin from mod fabric-entity-events-v1->@Inject::afterRemoveEffect(Ljava/util/Collection;Lorg/spongepowered/asm/mixin/injection/callback/CallbackInfo;)V has 0 override(s) in child classes
[22:26:40] [main/DEBUG] (FabricLoader/Mixin) fabric-entity-events-v1.mixins.json:effect.LivingEntityMixin from mod fabric-entity-events-v1->@Inject::afterRemoveEffect(Ljava/util/Collection;Lorg/spongepowered/asm/mixin/injection/callback/CallbackInfo;)V won't be passed a CallbackInfo as a result
[22:26:40] [main/DEBUG] (FabricLoader/Mixin) fabric-entity-events-v1.mixins.json:elytra.LivingEntityMixin from mod fabric-entity-events-v1->@Inject::injectElytraTick(Lorg/spongepowered/asm/mixin/injection/callback/CallbackInfo;)V does use it's CallbackInfo
[22:26:40] [main/DEBUG] (FabricLoader/Mixin) fabric-entity-events-v1.mixins.json:elytra.LivingEntityMixin from mod fabric-entity-events-v1->@Inject::injectElytraCheck(Lorg/spongepowered/asm/mixin/injection/callback/CallbackInfoReturnable;)V does use it's CallbackInfoReturnable
[22:26:40] [main/DEBUG] (FabricLoader/Mixin) Mixing LevelMixin from fabric-lifecycle-events-v1.mixins.json into net.minecraft.world.level.Level
[22:26:40] [main/DEBUG] (FabricLoader/Mixin) Mixing AttachmentTargetsMixin from fabric-data-attachment-api-v1.mixins.json into net.minecraft.world.level.Level
[22:26:40] [main/DEBUG] (FabricLoader/Mixin) Mixing LevelMixin from fabric-data-attachment-api-v1.mixins.json into net.minecraft.world.level.Level
[22:26:40] [main/DEBUG] (FabricLoader/Mixin) Mixing LevelReaderMixin from fabric-block-getter-api-v2.mixins.json into net.minecraft.world.level.LevelReader
[22:26:40] [main/DEBUG] (FabricLoader/Mixin) Mixing ServerLevelMixin from fabric-lifecycle-events-v1.mixins.json into net.minecraft.server.level.ServerLevel
[22:26:40] [main/DEBUG] (FabricLoader/Mixin) Mixing ServerLevelMixin from fabric-api-lookup-api-v1.mixins.json into net.minecraft.server.level.ServerLevel
[22:26:40] [main/DEBUG] (FabricLoader/Mixin) Renaming synthetic method lambda$fabric_invalidateCache$2(Ljava/util/Map$Entry;)Z to md7d4938$fabric-api-lookup-api-v1$lambda$fabric_invalidateCache$2$0 in fabric-api-lookup-api-v1.mixins.json:ServerLevelMixin from mod fabric-api-lookup-api-v1
[22:26:40] [main/DEBUG] (FabricLoader/Mixin) Renaming synthetic method lambda$fabric_invalidateCache$3(Ljava/lang/ref/WeakReference;)Z to md7d4938$fabric-api-lookup-api-v1$lambda$fabric_invalidateCache$3$1 in fabric-api-lookup-api-v1.mixins.json:ServerLevelMixin from mod fabric-api-lookup-api-v1
[22:26:40] [main/DEBUG] (FabricLoader/Mixin) Renaming synthetic method lambda$fabric_invalidateCache$1(Ljava/lang/ref/WeakReference;)V to md7d4938$fabric-api-lookup-api-v1$lambda$fabric_invalidateCache$1$2 in fabric-api-lookup-api-v1.mixins.json:ServerLevelMixin from mod fabric-api-lookup-api-v1
[22:26:40] [main/DEBUG] (FabricLoader/Mixin) Renaming synthetic method lambda$fabric_invalidateCache$0(Ljava/lang/ref/WeakReference;)Z to md7d4938$fabric-api-lookup-api-v1$lambda$fabric_invalidateCache$0$3 in fabric-api-lookup-api-v1.mixins.json:ServerLevelMixin from mod fabric-api-lookup-api-v1
[22:26:40] [main/DEBUG] (FabricLoader/Mixin) Renaming synthetic method lambda$fabric_registerCache$1(Ljava/lang/ref/WeakReference;)Z to md7d4938$fabric-api-lookup-api-v1$lambda$fabric_registerCache$1$4 in fabric-api-lookup-api-v1.mixins.json:ServerLevelMixin from mod fabric-api-lookup-api-v1
[22:26:40] [main/DEBUG] (FabricLoader/Mixin) Renaming synthetic method lambda$fabric_registerCache$0(Lnet/minecraft/core/BlockPos;)Ljava/util/List; to md7d4938$fabric-api-lookup-api-v1$lambda$fabric_registerCache$0$5 in fabric-api-lookup-api-v1.mixins.json:ServerLevelMixin from mod fabric-api-lookup-api-v1
[22:26:40] [main/DEBUG] (FabricLoader/Mixin) Mixing ServerLevelMixin from fabric-data-attachment-api-v1.mixins.json into net.minecraft.server.level.ServerLevel
[22:26:40] [main/DEBUG] (FabricLoader/Mixin) Renaming synthetic method lambda$fabric_syncChange$0(Lnet/fabricmc/fabric/api/attachment/v1/AttachmentType;Lnet/fabricmc/fabric/impl/attachment/sync/AttachmentChange;Lnet/minecraft/server/level/ServerPlayer;)V to md7d4938$fabric-data-attachment-api-v1$lambda$fabric_syncChange$0$6 in fabric-data-attachment-api-v1.mixins.json:ServerLevelMixin from mod fabric-data-attachment-api-v1
[22:26:40] [main/DEBUG] (FabricLoader/Mixin) Renaming synthetic method lambda$createAttachmentsPersistentState$0(Lnet/minecraft/server/level/ServerLevel;)Lnet/fabricmc/fabric/impl/attachment/AttachmentSavedData; to md7d4938$fabric-data-attachment-api-v1$lambda$createAttachmentsPersistentState$0$7 in fabric-data-attachment-api-v1.mixins.json:ServerLevelMixin from mod fabric-data-attachment-api-v1
[22:26:40] [main/DEBUG] (FabricLoader/Mixin) fabric-lifecycle-events-v1.mixins.json:ServerLevelMixin from mod fabric-lifecycle-events-v1->@Inject::startLevelTick(Ljava/util/function/BooleanSupplier;Lorg/spongepowered/asm/mixin/injection/callback/CallbackInfo;)V doesn't use it's CallbackInfo
[22:26:40] [main/DEBUG] (FabricLoader/Mixin) fabric-lifecycle-events-v1.mixins.json:ServerLevelMixin from mod fabric-lifecycle-events-v1->@Inject::startLevelTick(Ljava/util/function/BooleanSupplier;Lorg/spongepowered/asm/mixin/injection/callback/CallbackInfo;)V has 0 override(s) in child classes
[22:26:40] [main/DEBUG] (FabricLoader/Mixin) fabric-lifecycle-events-v1.mixins.json:ServerLevelMixin from mod fabric-lifecycle-events-v1->@Inject::startLevelTick(Ljava/util/function/BooleanSupplier;Lorg/spongepowered/asm/mixin/injection/callback/CallbackInfo;)V won't be passed a CallbackInfo as a result
[22:26:40] [main/DEBUG] (FabricLoader/Mixin) fabric-lifecycle-events-v1.mixins.json:ServerLevelMixin from mod fabric-lifecycle-events-v1->@Inject::endLevelTick(Ljava/util/function/BooleanSupplier;Lorg/spongepowered/asm/mixin/injection/callback/CallbackInfo;)V doesn't use it's CallbackInfo
[22:26:40] [main/DEBUG] (FabricLoader/Mixin) fabric-lifecycle-events-v1.mixins.json:ServerLevelMixin from mod fabric-lifecycle-events-v1->@Inject::endLevelTick(Ljava/util/function/BooleanSupplier;Lorg/spongepowered/asm/mixin/injection/callback/CallbackInfo;)V has 0 override(s) in child classes
[22:26:40] [main/DEBUG] (FabricLoader/Mixin) fabric-lifecycle-events-v1.mixins.json:ServerLevelMixin from mod fabric-lifecycle-events-v1->@Inject::endLevelTick(Ljava/util/function/BooleanSupplier;Lorg/spongepowered/asm/mixin/injection/callback/CallbackInfo;)V won't be passed a CallbackInfo as a result
[22:26:40] [main/DEBUG] (FabricLoader/Mixin) fabric-data-attachment-api-v1.mixins.json:ServerLevelMixin from mod fabric-data-attachment-api-v1->@Inject::createAttachmentsPersistentState(Lorg/spongepowered/asm/mixin/injection/callback/CallbackInfo;)V doesn't use it's CallbackInfo
[22:26:40] [main/DEBUG] (FabricLoader/Mixin) fabric-data-attachment-api-v1.mixins.json:ServerLevelMixin from mod fabric-data-attachment-api-v1->@Inject::createAttachmentsPersistentState(Lorg/spongepowered/asm/mixin/injection/callback/CallbackInfo;)V has 0 override(s) in child classes
[22:26:40] [main/DEBUG] (FabricLoader/Mixin) fabric-data-attachment-api-v1.mixins.json:ServerLevelMixin from mod fabric-data-attachment-api-v1->@Inject::createAttachmentsPersistentState(Lorg/spongepowered/asm/mixin/injection/callback/CallbackInfo;)V won't be passed a CallbackInfo as a result
[22:26:40] [main/DEBUG] (FabricLoader/Mixin) Mixing ServerPlayerMixin from fabric-particles-v1.mixins.json into net.minecraft.server.level.ServerPlayer
[22:26:40] [main/DEBUG] (FabricLoader/Mixin) Mixing ServerPlayerMixin from fabric-menu-api-v1.mixins.json into net.minecraft.server.level.ServerPlayer
[22:26:40] [main/DEBUG] (FabricLoader/Mixin) Mixing ServerPlayerMixin from fabric-events-interaction-v0.mixins.json into net.minecraft.server.level.ServerPlayer
[22:26:40] [main/DEBUG] (FabricLoader/Mixin) Mixing ServerPlayerMixin from fabric-entity-events-v1.mixins.json into net.minecraft.server.level.ServerPlayer
[22:26:40] [main/DEBUG] (FabricLoader/Mixin) Mixing ServerPlayerMixin from fabric-networking-api-v1.mixins.json into net.minecraft.server.level.ServerPlayer
[22:26:40] [main/DEBUG] (FabricLoader/Mixin) fabric-menu-api-v1.mixins.json:ServerPlayerMixin from mod fabric-menu-api-v1->@Inject::fabric_storeOpenedMenu(Lnet/minecraft/world/MenuProvider;Lorg/spongepowered/asm/mixin/injection/callback/CallbackInfoReturnable;)V doesn't use it's CallbackInfoReturnable
[22:26:40] [main/DEBUG] (FabricLoader/Mixin) fabric-menu-api-v1.mixins.json:ServerPlayerMixin from mod fabric-menu-api-v1->@Inject::fabric_storeOpenedMenu(Lnet/minecraft/world/MenuProvider;Lorg/spongepowered/asm/mixin/injection/callback/CallbackInfoReturnable;)V has 0 override(s) in child classes
[22:26:40] [main/DEBUG] (FabricLoader/Mixin) fabric-menu-api-v1.mixins.json:ServerPlayerMixin from mod fabric-menu-api-v1->@Inject::fabric_storeOpenedMenu(Lnet/minecraft/world/MenuProvider;Lorg/spongepowered/asm/mixin/injection/callback/CallbackInfoReturnable;)V won't be passed a CallbackInfoReturnable as a result
[22:26:40] [main/DEBUG] (FabricLoader/Mixin) fabric-events-interaction-v0.mixins.json:ServerPlayerMixin from mod fabric-events-interaction-v0->@Inject::fakePlayerGameMode(Lnet/minecraft/world/level/GameType;Lorg/spongepowered/asm/mixin/injection/callback/CallbackInfoReturnable;)V does use it's CallbackInfoReturnable
[22:26:40] [main/DEBUG] (FabricLoader/Mixin) fabric-entity-events-v1.mixins.json:ServerPlayerMixin from mod fabric-entity-events-v1->@Inject::callOnKillForPlayer(Lnet/minecraft/world/damagesource/DamageSource;Lorg/spongepowered/asm/mixin/injection/callback/CallbackInfo;)V doesn't use it's CallbackInfo
[22:26:40] [main/DEBUG] (FabricLoader/Mixin) fabric-entity-events-v1.mixins.json:ServerPlayerMixin from mod fabric-entity-events-v1->@Inject::callOnKillForPlayer(Lnet/minecraft/world/damagesource/DamageSource;Lorg/spongepowered/asm/mixin/injection/callback/CallbackInfo;)V has 0 override(s) in child classes
[22:26:40] [main/DEBUG] (FabricLoader/Mixin) fabric-entity-events-v1.mixins.json:ServerPlayerMixin from mod fabric-entity-events-v1->@Inject::callOnKillForPlayer(Lnet/minecraft/world/damagesource/DamageSource;Lorg/spongepowered/asm/mixin/injection/callback/CallbackInfo;)V won't be passed a CallbackInfo as a result
[22:26:40] [main/DEBUG] (FabricLoader/Mixin) fabric-entity-events-v1.mixins.json:ServerPlayerMixin from mod fabric-entity-events-v1->@Inject::notifyDeath(Lnet/minecraft/world/damagesource/DamageSource;Lorg/spongepowered/asm/mixin/injection/callback/CallbackInfo;)V doesn't use it's CallbackInfo
[22:26:40] [main/DEBUG] (FabricLoader/Mixin) fabric-entity-events-v1.mixins.json:ServerPlayerMixin from mod fabric-entity-events-v1->@Inject::notifyDeath(Lnet/minecraft/world/damagesource/DamageSource;Lorg/spongepowered/asm/mixin/injection/callback/CallbackInfo;)V has 0 override(s) in child classes
[22:26:40] [main/DEBUG] (FabricLoader/Mixin) fabric-entity-events-v1.mixins.json:ServerPlayerMixin from mod fabric-entity-events-v1->@Inject::notifyDeath(Lnet/minecraft/world/damagesource/DamageSource;Lorg/spongepowered/asm/mixin/injection/callback/CallbackInfo;)V won't be passed a CallbackInfo as a result
[22:26:40] [main/DEBUG] (FabricLoader/Mixin) fabric-entity-events-v1.mixins.json:ServerPlayerMixin from mod fabric-entity-events-v1->@Inject::afterLevelChanged(Lnet/minecraft/server/level/ServerLevel;Lorg/spongepowered/asm/mixin/injection/callback/CallbackInfo;)V doesn't use it's CallbackInfo
[22:26:40] [main/DEBUG] (FabricLoader/Mixin) fabric-entity-events-v1.mixins.json:ServerPlayerMixin from mod fabric-entity-events-v1->@Inject::afterLevelChanged(Lnet/minecraft/server/level/ServerLevel;Lorg/spongepowered/asm/mixin/injection/callback/CallbackInfo;)V has 0 override(s) in child classes
[22:26:40] [main/DEBUG] (FabricLoader/Mixin) fabric-entity-events-v1.mixins.json:ServerPlayerMixin from mod fabric-entity-events-v1->@Inject::afterLevelChanged(Lnet/minecraft/server/level/ServerLevel;Lorg/spongepowered/asm/mixin/injection/callback/CallbackInfo;)V won't be passed a CallbackInfo as a result
[22:26:40] [main/DEBUG] (FabricLoader/Mixin) fabric-entity-events-v1.mixins.json:ServerPlayerMixin from mod fabric-entity-events-v1->@Inject::onCopyFrom(Lnet/minecraft/server/level/ServerPlayer;ZLorg/spongepowered/asm/mixin/injection/callback/CallbackInfo;)V doesn't use it's CallbackInfo
[22:26:40] [main/DEBUG] (FabricLoader/Mixin) fabric-entity-events-v1.mixins.json:ServerPlayerMixin from mod fabric-entity-events-v1->@Inject::onCopyFrom(Lnet/minecraft/server/level/ServerPlayer;ZLorg/spongepowered/asm/mixin/injection/callback/CallbackInfo;)V has 0 override(s) in child classes
[22:26:40] [main/DEBUG] (FabricLoader/Mixin) fabric-entity-events-v1.mixins.json:ServerPlayerMixin from mod fabric-entity-events-v1->@Inject::onCopyFrom(Lnet/minecraft/server/level/ServerPlayer;ZLorg/spongepowered/asm/mixin/injection/callback/CallbackInfo;)V won't be passed a CallbackInfo as a result
[22:26:40] [main/DEBUG] (FabricLoader/Mixin) Mixing IdMapperMixin from fabric-registry-sync-v0.mixins.json into net.minecraft.core.IdMapper
[22:26:40] [main/DEBUG] (FabricLoader/Mixin) Renaming synthetic method lambda$fabric_remapIds$0(Lit/unimi/dsi/fastutil/ints/Int2IntMap;Ljava/lang/Object;Ljava/lang/Integer;)Ljava/lang/Integer; to md7d4938$fabric-registry-sync-v0$lambda$fabric_remapIds$0$0 in fabric-registry-sync-v0.mixins.json:IdMapperMixin from mod fabric-registry-sync-v0
[22:26:40] [main/DEBUG] (FabricLoader/Mixin) Mixing RegistryFriendlyByteBufMixin from fabric-networking-api-v1.mixins.json into net.minecraft.network.RegistryFriendlyByteBuf
[22:26:40] [main/DEBUG] (FabricLoader/Mixin) Mixing BlocksMixin from fabric-registry-sync-v0.mixins.json into net.minecraft.world.level.block.Blocks
[22:26:40] [main/DEBUG] (FabricLoader/Mixin) Renaming synthetic method lambda$initShapeCache$0(ILnet/minecraft/resources/Identifier;Lnet/minecraft/world/level/block/Block;)V to md7d4938$fabric-registry-sync-v0$lambda$initShapeCache$0$0 in fabric-registry-sync-v0.mixins.json:BlocksMixin from mod fabric-registry-sync-v0
[22:26:40] [main/DEBUG] (FabricLoader/Mixin) fabric-registry-sync-v0.mixins.json:BlocksMixin from mod fabric-registry-sync-v0->@Inject::initShapeCache(Lorg/spongepowered/asm/mixin/injection/callback/CallbackInfo;)V doesn't use it's CallbackInfo
[22:26:40] [main/DEBUG] (FabricLoader/Mixin) Mixing LiquidBlockMixin from fabric-block-api-v1.mixins.json into net.minecraft.world.level.block.LiquidBlock
[22:26:40] [main/DEBUG] (FabricLoader/Mixin) fabric-block-api-v1.mixins.json:LiquidBlockMixin from mod fabric-block-api-v1->@Inject::shouldSpreadLiquid(Lnet/minecraft/world/level/Level;Lnet/minecraft/core/BlockPos;Lnet/minecraft/world/level/block/state/BlockState;Lorg/spongepowered/asm/mixin/injection/callback/CallbackInfoReturnable;)V does use it's CallbackInfoReturnable
[22:26:40] [main/DEBUG] (FabricLoader/Mixin) Mixing WeatheringCopperMixin from fabric-content-registries-v0.mixins.json into net.minecraft.world.level.block.WeatheringCopper
[22:26:40] [main/DEBUG] (FabricLoader/Mixin) fabric-content-registries-v0.mixins.json:WeatheringCopperMixin from mod fabric-content-registries-v0->@Inject::createOxidationLevelIncreasesMap(Lorg/spongepowered/asm/mixin/injection/callback/CallbackInfoReturnable;)V does use it's CallbackInfoReturnable
[22:26:40] [main/DEBUG] (FabricLoader/Mixin) Mixing BlockBehaviourPropertiesMixin from fabric-block-api-v1.mixins.json into net.minecraft.world.level.block.state.BlockBehaviour$Properties
[22:26:40] [main/DEBUG] (FabricLoader/Mixin) Mixing EntityTypeMixin from fabric-lifecycle-events-v1.mixins.json into net.minecraft.world.entity.EntityType
[22:26:40] [main/DEBUG] (FabricLoader/Mixin) Mixing EntityTypeMixin from fabric-object-builder-v1.mixins.json into net.minecraft.world.entity.EntityType
[22:26:40] [main/DEBUG] (FabricLoader/Mixin) fabric-lifecycle-events-v1.mixins.json:EntityTypeMixin from mod fabric-lifecycle-events-v1->@Inject::setSpawnReason(Lnet/minecraft/world/level/Level;Lnet/minecraft/world/entity/EntitySpawnRequest;Lorg/spongepowered/asm/mixin/injection/callback/CallbackInfoReturnable;)V does use it's CallbackInfoReturnable
[22:26:40] [main/DEBUG] (FabricLoader/Mixin) fabric-lifecycle-events-v1.mixins.json:EntityTypeMixin from mod fabric-lifecycle-events-v1->@Inject::setSpawnReason(Lnet/minecraft/world/level/Level;Lnet/minecraft/world/entity/EntitySpawnRequest;Lorg/spongepowered/asm/mixin/injection/callback/CallbackInfoReturnable;)V does use it's CallbackInfoReturnable
[22:26:40] [main/DEBUG] (FabricLoader/Mixin) fabric-object-builder-v1.mixins.json:EntityTypeMixin from mod fabric-object-builder-api-v1->@Inject::onAlwaysUpdateVelocity(Lorg/spongepowered/asm/mixin/injection/callback/CallbackInfoReturnable;)V does use it's CallbackInfoReturnable
[22:26:40] [main/DEBUG] (FabricLoader/Mixin) fabric-object-builder-v1.mixins.json:EntityTypeMixin from mod fabric-object-builder-api-v1->@Inject::onCanPotentiallyExecuteCommands(Lorg/spongepowered/asm/mixin/injection/callback/CallbackInfoReturnable;)V does use it's CallbackInfoReturnable
[22:26:40] [main/DEBUG] (FabricLoader/Mixin) Mixing FluidMixin from fabric-transfer-api-v1.mixins.json into net.minecraft.world.level.material.Fluid
[22:26:40] [main/DEBUG] (FabricLoader/Mixin) fabric-transfer-api-v1.mixins.json:FluidMixin from mod fabric-transfer-api-v1->@Inject::hookGetBucketFillSound(Lorg/spongepowered/asm/mixin/injection/callback/CallbackInfoReturnable;)V does use it's CallbackInfoReturnable
[22:26:40] [main/DEBUG] (FabricLoader/Mixin) Mixing FlowingFluidMixin from fabric-block-api-v1.mixins.json into net.minecraft.world.level.material.FlowingFluid
[22:26:40] [main/DEBUG] (FabricLoader/Mixin) fabric-block-api-v1.mixins.json:FlowingFluidMixin from mod fabric-block-api-v1->@Inject::shouldSpreadLiquid(Lnet/minecraft/world/level/LevelAccessor;Lnet/minecraft/core/BlockPos;Lnet/minecraft/world/level/block/state/BlockState;Lnet/minecraft/core/Direction;Lnet/minecraft/world/level/material/FluidState;Lorg/spongepowered/asm/mixin/injection/callback/CallbackInfo;)V does use it's CallbackInfo
[22:26:40] [main/DEBUG] (FabricLoader/Mixin) Mixing LavaFluidMixin from fabric-block-api-v1.mixins.json into net.minecraft.world.level.material.LavaFluid
[22:26:40] [main/DEBUG] (FabricLoader/Mixin) fabric-block-api-v1.mixins.json:LavaFluidMixin from mod fabric-block-api-v1->@Inject::shouldSpreadLiquid(Lnet/minecraft/world/level/LevelAccessor;Lnet/minecraft/core/BlockPos;Lnet/minecraft/world/level/block/state/BlockState;Lnet/minecraft/core/Direction;Lnet/minecraft/world/level/material/FluidState;Lorg/spongepowered/asm/mixin/injection/callback/CallbackInfo;)V does use it's CallbackInfo
[22:26:40] [main/DEBUG] (FabricLoader/Mixin) Mixing DataComponentMapBuilderMixin from fabric-item-api-v1.mixins.json into net.minecraft.core.component.DataComponentMap$Builder
[22:26:40] [main/DEBUG] (FabricLoader/Mixin) Mixing BlockEntityMixin from fabric-block-getter-api-v2.mixins.json into net.minecraft.world.level.block.entity.BlockEntity
[22:26:40] [main/DEBUG] (FabricLoader/Mixin) Mixing AttachmentTargetsMixin from fabric-data-attachment-api-v1.mixins.json into net.minecraft.world.level.block.entity.BlockEntity
[22:26:40] [main/DEBUG] (FabricLoader/Mixin) Mixing BlockEntityMixin from fabric-data-attachment-api-v1.mixins.json into net.minecraft.world.level.block.entity.BlockEntity
[22:26:40] [main/DEBUG] (FabricLoader/Mixin) Renaming synthetic method lambda$fabric_markChanged$2(Lnet/fabricmc/fabric/api/attachment/v1/AttachmentType;)V to md7d4938$fabric-data-attachment-api-v1$lambda$fabric_markChanged$2$0 in fabric-data-attachment-api-v1.mixins.json:BlockEntityMixin from mod fabric-data-attachment-api-v1
[22:26:40] [main/DEBUG] (FabricLoader/Mixin) Renaming synthetic method lambda$fabric_markChanged$0(Lnet/minecraft/server/level/ChunkResult;)V to md7d4938$fabric-data-attachment-api-v1$lambda$fabric_markChanged$0$1 in fabric-data-attachment-api-v1.mixins.json:BlockEntityMixin from mod fabric-data-attachment-api-v1
[22:26:40] [main/DEBUG] (FabricLoader/Mixin) Renaming synthetic method lambda$fabric_markChanged$1(Lnet/minecraft/world/level/chunk/LevelChunk;)V to md7d4938$fabric-data-attachment-api-v1$lambda$fabric_markChanged$1$2 in fabric-data-attachment-api-v1.mixins.json:BlockEntityMixin from mod fabric-data-attachment-api-v1
[22:26:40] [main/DEBUG] (FabricLoader/Mixin) fabric-data-attachment-api-v1.mixins.json:BlockEntityMixin from mod fabric-data-attachment-api-v1->@Inject::readBlockEntityAttachments(Lnet/minecraft/world/level/storage/ValueInput;Lorg/spongepowered/asm/mixin/injection/callback/CallbackInfo;)V doesn't use it's CallbackInfo
[22:26:40] [main/DEBUG] (FabricLoader/Mixin) fabric-data-attachment-api-v1.mixins.json:BlockEntityMixin from mod fabric-data-attachment-api-v1->@Inject::readBlockEntityAttachments(Lnet/minecraft/world/level/storage/ValueInput;Lorg/spongepowered/asm/mixin/injection/callback/CallbackInfo;)V has 0 override(s) in child classes
[22:26:40] [main/DEBUG] (FabricLoader/Mixin) fabric-data-attachment-api-v1.mixins.json:BlockEntityMixin from mod fabric-data-attachment-api-v1->@Inject::readBlockEntityAttachments(Lnet/minecraft/world/level/storage/ValueInput;Lorg/spongepowered/asm/mixin/injection/callback/CallbackInfo;)V won't be passed a CallbackInfo as a result
[22:26:40] [main/DEBUG] (FabricLoader/Mixin) fabric-data-attachment-api-v1.mixins.json:BlockEntityMixin from mod fabric-data-attachment-api-v1->@Inject::writeBlockEntityAttachments(Lnet/minecraft/world/level/storage/ValueOutput;Lorg/spongepowered/asm/mixin/injection/callback/CallbackInfo;)V doesn't use it's CallbackInfo
[22:26:40] [main/DEBUG] (FabricLoader/Mixin) fabric-data-attachment-api-v1.mixins.json:BlockEntityMixin from mod fabric-data-attachment-api-v1->@Inject::writeBlockEntityAttachments(Lnet/minecraft/world/level/storage/ValueOutput;Lorg/spongepowered/asm/mixin/injection/callback/CallbackInfo;)V has 0 override(s) in child classes
[22:26:40] [main/DEBUG] (FabricLoader/Mixin) fabric-data-attachment-api-v1.mixins.json:BlockEntityMixin from mod fabric-data-attachment-api-v1->@Inject::writeBlockEntityAttachments(Lnet/minecraft/world/level/storage/ValueOutput;Lorg/spongepowered/asm/mixin/injection/callback/CallbackInfo;)V won't be passed a CallbackInfo as a result
[22:26:40] [main/DEBUG] (FabricLoader/Mixin) Mixing TagKeyMixin from fabric-convention-tags-api-v2.mixins.json into net.minecraft.tags.TagKey
[22:26:40] [main/DEBUG] (FabricLoader/Mixin) Mixing BlockParticleOptionMixin from fabric-particles-v1.mixins.json into net.minecraft.core.particles.BlockParticleOption
[22:26:40] [main/DEBUG] (FabricLoader/Mixin) Mixing MenuProviderMixin from fabric-menu-api-v1.mixins.json into net.minecraft.world.MenuProvider
[22:26:40] [main/DEBUG] (FabricLoader/Mixin) Mixing BaseContainerBlockEntityMixin from fabric-transfer-api-v1.mixins.json into net.minecraft.world.level.block.entity.BaseContainerBlockEntity
[22:26:40] [main/DEBUG] (FabricLoader/Mixin) Mixing DetectorRailBlockMixin from fabric-object-builder-v1.mixins.json into net.minecraft.world.level.block.DetectorRailBlock
[22:26:40] [main/DEBUG] (FabricLoader/Mixin) Renaming synthetic method lambda$getCustomComparatorOutput$0(Lnet/minecraft/world/entity/Entity;)Z to md7d4938$fabric-object-builder-api-v1$lambda$getCustomComparatorOutput$0$0 in fabric-object-builder-v1.mixins.json:DetectorRailBlockMixin from mod fabric-object-builder-api-v1
[22:26:40] [main/DEBUG] (FabricLoader/Mixin) fabric-object-builder-v1.mixins.json:DetectorRailBlockMixin from mod fabric-object-builder-api-v1->@Inject::getCustomComparatorOutput(Lnet/minecraft/world/level/block/state/BlockState;Lnet/minecraft/world/level/Level;Lnet/minecraft/core/BlockPos;Lnet/minecraft/core/Direction;Lorg/spongepowered/asm/mixin/injection/callback/CallbackInfoReturnable;)V does use it's CallbackInfoReturnable
[22:26:40] [main/DEBUG] (FabricLoader/Mixin) Mixing EntityMixin from fabric-debug-api-v1.mixins.json into net.minecraft.world.entity.Mob
[22:26:40] [main/DEBUG] (FabricLoader/Mixin) Mixing MobMixin from fabric-entity-events-v1.mixins.json into net.minecraft.world.entity.Mob
[22:26:40] [main/DEBUG] (FabricLoader/Mixin) fabric-debug-api-v1.mixins.json:EntityMixin from mod fabric-debug-api-v1->@Inject::addDebugValues(Lnet/minecraft/server/level/ServerLevel;Lnet/minecraft/util/debug/DebugValueSource$Registration;Lorg/spongepowered/asm/mixin/injection/callback/CallbackInfo;)V doesn't use it's CallbackInfo
[22:26:40] [main/DEBUG] (FabricLoader/Mixin) fabric-debug-api-v1.mixins.json:EntityMixin from mod fabric-debug-api-v1->@Inject::addDebugValues(Lnet/minecraft/server/level/ServerLevel;Lnet/minecraft/util/debug/DebugValueSource$Registration;Lorg/spongepowered/asm/mixin/injection/callback/CallbackInfo;)V has 0 override(s) in child classes
[22:26:40] [main/DEBUG] (FabricLoader/Mixin) fabric-debug-api-v1.mixins.json:EntityMixin from mod fabric-debug-api-v1->@Inject::addDebugValues(Lnet/minecraft/server/level/ServerLevel;Lnet/minecraft/util/debug/DebugValueSource$Registration;Lorg/spongepowered/asm/mixin/injection/callback/CallbackInfo;)V won't be passed a CallbackInfo as a result
[22:26:40] [main/DEBUG] (FabricLoader/Mixin) Mixing ChiseledBookShelfBlockEntityMixin from fabric-transfer-api-v1.mixins.json into net.minecraft.world.level.block.entity.ChiseledBookShelfBlockEntity
[22:26:40] [main/DEBUG] (FabricLoader/Mixin) fabric-transfer-api-v1.mixins.json:ChiseledBookShelfBlockEntityMixin from mod fabric-transfer-api-v1->@Inject::setStackBypass(ILnet/minecraft/world/item/ItemStack;Lorg/spongepowered/asm/mixin/injection/callback/CallbackInfo;)V does use it's CallbackInfo
[22:26:40] [main/DEBUG] (FabricLoader/Mixin) Mixing ListBackedContainerMixin from fabric-transfer-api-v1.mixins.json into net.minecraft.world.level.block.entity.ListBackedContainer
[22:26:40] [main/DEBUG] (FabricLoader/Mixin) Mixing ShelfBlockEntityMixin from fabric-transfer-api-v1.mixins.json into net.minecraft.world.level.block.entity.ShelfBlockEntity
[22:26:40] [main/DEBUG] (FabricLoader/Mixin) Mixing BlockEntityTypeAccessor from fabric-api-lookup-api-v1.mixins.json into net.minecraft.world.level.block.entity.BlockEntityType
[22:26:40] [main/DEBUG] (FabricLoader/Mixin) Mixing BlockEntityTypeMixin from fabric-object-builder-v1.mixins.json into net.minecraft.world.level.block.entity.BlockEntityType
[22:26:40] [main/DEBUG] (FabricLoader/Mixin) fabric-object-builder-v1.mixins.json:BlockEntityTypeMixin from mod fabric-object-builder-api-v1->@Inject::mutableBlocks(Lnet/minecraft/world/level/block/entity/BlockEntityType$BlockEntitySupplier;Ljava/util/Set;Lorg/spongepowered/asm/mixin/injection/callback/CallbackInfo;)V doesn't use it's CallbackInfo
[22:26:40] [main/DEBUG] (FabricLoader/Mixin) fabric-object-builder-v1.mixins.json:BlockEntityTypeMixin from mod fabric-object-builder-api-v1->@Inject::mutableBlocks(Lnet/minecraft/world/level/block/entity/BlockEntityType$BlockEntitySupplier;Ljava/util/Set;Lorg/spongepowered/asm/mixin/injection/callback/CallbackInfo;)V has 0 override(s) in child classes
[22:26:40] [main/DEBUG] (FabricLoader/Mixin) fabric-object-builder-v1.mixins.json:BlockEntityTypeMixin from mod fabric-object-builder-api-v1->@Inject::mutableBlocks(Lnet/minecraft/world/level/block/entity/BlockEntityType$BlockEntitySupplier;Ljava/util/Set;Lorg/spongepowered/asm/mixin/injection/callback/CallbackInfo;)V won't be passed a CallbackInfo as a result
[22:26:40] [main/DEBUG] (FabricLoader/Mixin) Mixing AbstractContainerMenuMixin from fabric-item-api-v1.mixins.json into net.minecraft.world.inventory.AbstractContainerMenu
[22:26:40] [main/DEBUG] (FabricLoader/Mixin) fabric-item-api-v1.mixins.json:AbstractContainerMenuMixin from mod fabric-item-api-v1->@Inject::overrideContainerMenuItemClickBehaviour(Lnet/minecraft/world/entity/player/Player;Lnet/minecraft/world/inventory/ClickAction;Lnet/minecraft/world/inventory/Slot;Lnet/minecraft/world/item/ItemStack;Lnet/minecraft/world/item/ItemStack;Lorg/spongepowered/asm/mixin/injection/callback/CallbackInfoReturnable;)V does use it's CallbackInfoReturnable
[22:26:40] [main/DEBUG] (FabricLoader/Mixin) Mixing AbstractFurnaceBlockEntityMixin from fabric-item-api-v1.mixins.json into net.minecraft.world.level.block.entity.AbstractFurnaceBlockEntity
[22:26:40] [main/DEBUG] (FabricLoader/Mixin) Mixing AbstractFurnaceBlockEntityMixin from fabric-transfer-api-v1.mixins.json into net.minecraft.world.level.block.entity.AbstractFurnaceBlockEntity
[22:26:40] [main/DEBUG] (FabricLoader/Mixin) fabric-item-api-v1.mixins.json:AbstractFurnaceBlockEntityMixin from mod fabric-item-api-v1->@Inject::copyStack(Lnet/minecraft/server/level/ServerLevel;Lnet/minecraft/core/BlockPos;Lnet/minecraft/core/NonNullList;Lnet/minecraft/world/item/ItemStack;Lorg/spongepowered/asm/mixin/injection/callback/CallbackInfo;)V doesn't use it's CallbackInfo
[22:26:40] [main/DEBUG] (FabricLoader/Mixin) fabric-transfer-api-v1.mixins.json:AbstractFurnaceBlockEntityMixin from mod fabric-transfer-api-v1->@Inject::setStackSuppressUpdate(ILnet/minecraft/world/item/ItemStack;Lorg/spongepowered/asm/mixin/injection/callback/CallbackInfo;)V does use it's CallbackInfo
[22:26:41] [main/DEBUG] (FabricLoader/Mixin) Mixing JukeboxBlockEntityMixin from fabric-transfer-api-v1.mixins.json into net.minecraft.world.level.block.entity.JukeboxBlockEntity
[22:26:41] [main/DEBUG] (FabricLoader/Mixin) fabric-transfer-api-v1.mixins.json:JukeboxBlockEntityMixin from mod fabric-transfer-api-v1->@Inject::setStackBypass(Lnet/minecraft/world/item/ItemStack;Lorg/spongepowered/asm/mixin/injection/callback/CallbackInfo;)V does use it's CallbackInfo
[22:26:41] [main/DEBUG] (FabricLoader/Mixin) Mixing EnchantmentMenuMixin from fabric-block-api-v1.mixins.json into net.minecraft.world.inventory.EnchantmentMenu
[22:26:41] [main/DEBUG] (FabricLoader/Mixin) Mixing BrewingStandBlockEntityMixin from fabric-item-api-v1.mixins.json into net.minecraft.world.level.block.entity.BrewingStandBlockEntity
[22:26:41] [main/DEBUG] (FabricLoader/Mixin) Mixing AnvilMenuMixin from fabric-item-api-v1.mixins.json into net.minecraft.world.inventory.AnvilMenu
[22:26:41] [main/DEBUG] (FabricLoader/Mixin) Mixing HopperBlockEntityMixin from fabric-transfer-api-v1.mixins.json into net.minecraft.world.level.block.entity.HopperBlockEntity
[22:26:41] [main/DEBUG] (FabricLoader/Mixin) Renaming synthetic method lambda$hookExtract$0(Lnet/fabricmc/fabric/api/transfer/v1/item/ItemVariant;)Z to md7d4938$fabric-transfer-api-v1$lambda$hookExtract$0$0 in fabric-transfer-api-v1.mixins.json:HopperBlockEntityMixin from mod fabric-transfer-api-v1
[22:26:41] [main/DEBUG] (FabricLoader/Mixin) Renaming synthetic method lambda$hookInsert$0(Lnet/fabricmc/fabric/api/transfer/v1/item/ItemVariant;)Z to md7d4938$fabric-transfer-api-v1$lambda$hookInsert$0$1 in fabric-transfer-api-v1.mixins.json:HopperBlockEntityMixin from mod fabric-transfer-api-v1
[22:26:41] [main/DEBUG] (FabricLoader/Mixin) fabric-transfer-api-v1.mixins.json:HopperBlockEntityMixin from mod fabric-transfer-api-v1->@Inject::hookInsert(Lnet/minecraft/world/level/Level;Lnet/minecraft/core/BlockPos;Lnet/minecraft/world/level/block/entity/HopperBlockEntity;Lorg/spongepowered/asm/mixin/injection/callback/CallbackInfoReturnable;)V does use it's CallbackInfoReturnable
[22:26:41] [main/DEBUG] (FabricLoader/Mixin) fabric-transfer-api-v1.mixins.json:HopperBlockEntityMixin from mod fabric-transfer-api-v1->@Inject::hookExtract(Lnet/minecraft/world/level/Level;Lnet/minecraft/world/level/block/entity/Hopper;Lorg/spongepowered/asm/mixin/injection/callback/CallbackInfoReturnable;)V does use it's CallbackInfoReturnable
[22:26:41] [main/DEBUG] (FabricLoader/Mixin) Mixing DropperBlockMixin from fabric-transfer-api-v1.mixins.json into net.minecraft.world.level.block.DropperBlock
[22:26:41] [main/DEBUG] (FabricLoader/Mixin) Renaming synthetic method lambda$hookDispense$0(Lnet/fabricmc/fabric/api/transfer/v1/item/ItemVariant;)Z to md7d4938$fabric-transfer-api-v1$lambda$hookDispense$0$0 in fabric-transfer-api-v1.mixins.json:DropperBlockMixin from mod fabric-transfer-api-v1
[22:26:41] [main/DEBUG] (FabricLoader/Mixin) fabric-transfer-api-v1.mixins.json:DropperBlockMixin from mod fabric-transfer-api-v1->@Inject::hookDispense(Lnet/minecraft/server/level/ServerLevel;Lnet/minecraft/world/level/block/state/BlockState;Lnet/minecraft/core/BlockPos;Lorg/spongepowered/asm/mixin/injection/callback/CallbackInfo;)V does use it's CallbackInfo
[22:26:41] [main/DEBUG] (FabricLoader/Mixin) Mixing BannerBlockEntityMixin from fabric-data-attachment-api-v1.mixins.json into net.minecraft.world.level.block.entity.BannerBlockEntity
[22:26:41] [main/DEBUG] (FabricLoader/Mixin) Mixing CrafterBlockMixin from fabric-transfer-api-v1.mixins.json into net.minecraft.world.level.block.CrafterBlock
[22:26:41] [main/DEBUG] (FabricLoader/Mixin) fabric-transfer-api-v1.mixins.json:CrafterBlockMixin from mod fabric-transfer-api-v1->@Inject::transferOrSpawnStack(Lnet/minecraft/server/level/ServerLevel;Lnet/minecraft/core/BlockPos;Lnet/minecraft/world/level/block/entity/CrafterBlockEntity;Lnet/minecraft/world/item/ItemStack;Lnet/minecraft/world/level/block/state/BlockState;Lnet/minecraft/world/item/crafting/RecipeHolder;Lorg/spongepowered/asm/mixin/injection/callback/CallbackInfo;)V doesn't use it's CallbackInfo
[22:26:41] [main/DEBUG] (FabricLoader/Mixin) fabric-transfer-api-v1.mixins.json:CrafterBlockMixin from mod fabric-transfer-api-v1->@Inject::transferOrSpawnStack(Lnet/minecraft/server/level/ServerLevel;Lnet/minecraft/core/BlockPos;Lnet/minecraft/world/level/block/entity/CrafterBlockEntity;Lnet/minecraft/world/item/ItemStack;Lnet/minecraft/world/level/block/state/BlockState;Lnet/minecraft/world/item/crafting/RecipeHolder;Lorg/spongepowered/asm/mixin/injection/callback/CallbackInfo;)V has 0 override(s) in child classes
[22:26:41] [main/DEBUG] (FabricLoader/Mixin) fabric-transfer-api-v1.mixins.json:CrafterBlockMixin from mod fabric-transfer-api-v1->@Inject::transferOrSpawnStack(Lnet/minecraft/server/level/ServerLevel;Lnet/minecraft/core/BlockPos;Lnet/minecraft/world/level/block/entity/CrafterBlockEntity;Lnet/minecraft/world/item/ItemStack;Lnet/minecraft/world/level/block/state/BlockState;Lnet/minecraft/world/item/crafting/RecipeHolder;Lorg/spongepowered/asm/mixin/injection/callback/CallbackInfo;)V won't be passed a CallbackInfo as a result
[22:26:41] [main/DEBUG] (FabricLoader/Mixin) fabric-transfer-api-v1.mixins.json:CrafterBlockMixin from mod fabric-transfer-api-v1->@Inject::transferOrSpawnStack(Lnet/minecraft/server/level/ServerLevel;Lnet/minecraft/core/BlockPos;Lnet/minecraft/world/level/block/entity/CrafterBlockEntity;Lnet/minecraft/world/item/ItemStack;Lnet/minecraft/world/level/block/state/BlockState;Lnet/minecraft/world/item/crafting/RecipeHolder;Lorg/spongepowered/asm/mixin/injection/callback/CallbackInfo;)V doesn't use it's CallbackInfo
[22:26:41] [main/DEBUG] (FabricLoader/Mixin) fabric-transfer-api-v1.mixins.json:CrafterBlockMixin from mod fabric-transfer-api-v1->@Inject::transferOrSpawnStack(Lnet/minecraft/server/level/ServerLevel;Lnet/minecraft/core/BlockPos;Lnet/minecraft/world/level/block/entity/CrafterBlockEntity;Lnet/minecraft/world/item/ItemStack;Lnet/minecraft/world/level/block/state/BlockState;Lnet/minecraft/world/item/crafting/RecipeHolder;Lorg/spongepowered/asm/mixin/injection/callback/CallbackInfo;)V has 0 override(s) in child classes
[22:26:41] [main/DEBUG] (FabricLoader/Mixin) fabric-transfer-api-v1.mixins.json:CrafterBlockMixin from mod fabric-transfer-api-v1->@Inject::transferOrSpawnStack(Lnet/minecraft/server/level/ServerLevel;Lnet/minecraft/core/BlockPos;Lnet/minecraft/world/level/block/entity/CrafterBlockEntity;Lnet/minecraft/world/item/ItemStack;Lnet/minecraft/world/level/block/state/BlockState;Lnet/minecraft/world/item/crafting/RecipeHolder;Lorg/spongepowered/asm/mixin/injection/callback/CallbackInfo;)V won't be passed a CallbackInfo as a result
[22:26:41] [main/DEBUG] (FabricLoader/Mixin) fabric-transfer-api-v1.mixins.json:CrafterBlockMixin from mod fabric-transfer-api-v1->@Inject::transferOrSpawnStack(Lnet/minecraft/server/level/ServerLevel;Lnet/minecraft/core/BlockPos;Lnet/minecraft/world/level/block/entity/CrafterBlockEntity;Lnet/minecraft/world/item/ItemStack;Lnet/minecraft/world/level/block/state/BlockState;Lnet/minecraft/world/item/crafting/RecipeHolder;Lorg/spongepowered/asm/mixin/injection/callback/CallbackInfo;)V doesn't use it's CallbackInfo
[22:26:41] [main/DEBUG] (FabricLoader/Mixin) fabric-transfer-api-v1.mixins.json:CrafterBlockMixin from mod fabric-transfer-api-v1->@Inject::transferOrSpawnStack(Lnet/minecraft/server/level/ServerLevel;Lnet/minecraft/core/BlockPos;Lnet/minecraft/world/level/block/entity/CrafterBlockEntity;Lnet/minecraft/world/item/ItemStack;Lnet/minecraft/world/level/block/state/BlockState;Lnet/minecraft/world/item/crafting/RecipeHolder;Lorg/spongepowered/asm/mixin/injection/callback/CallbackInfo;)V has 0 override(s) in child classes
[22:26:41] [main/DEBUG] (FabricLoader/Mixin) fabric-transfer-api-v1.mixins.json:CrafterBlockMixin from mod fabric-transfer-api-v1->@Inject::transferOrSpawnStack(Lnet/minecraft/server/level/ServerLevel;Lnet/minecraft/core/BlockPos;Lnet/minecraft/world/level/block/entity/CrafterBlockEntity;Lnet/minecraft/world/item/ItemStack;Lnet/minecraft/world/level/block/state/BlockState;Lnet/minecraft/world/item/crafting/RecipeHolder;Lorg/spongepowered/asm/mixin/injection/callback/CallbackInfo;)V won't be passed a CallbackInfo as a result
[22:26:41] [main/DEBUG] (FabricLoader/Mixin) fabric-transfer-api-v1.mixins.json:CrafterBlockMixin from mod fabric-transfer-api-v1->@Inject::transferOrSpawnStack(Lnet/minecraft/server/level/ServerLevel;Lnet/minecraft/core/BlockPos;Lnet/minecraft/world/level/block/entity/CrafterBlockEntity;Lnet/minecraft/world/item/ItemStack;Lnet/minecraft/world/level/block/state/BlockState;Lnet/minecraft/world/item/crafting/RecipeHolder;Lorg/spongepowered/asm/mixin/injection/callback/CallbackInfo;)V doesn't use it's CallbackInfo
[22:26:41] [main/DEBUG] (FabricLoader/Mixin) fabric-transfer-api-v1.mixins.json:CrafterBlockMixin from mod fabric-transfer-api-v1->@Inject::transferOrSpawnStack(Lnet/minecraft/server/level/ServerLevel;Lnet/minecraft/core/BlockPos;Lnet/minecraft/world/level/block/entity/CrafterBlockEntity;Lnet/minecraft/world/item/ItemStack;Lnet/minecraft/world/level/block/state/BlockState;Lnet/minecraft/world/item/crafting/RecipeHolder;Lorg/spongepowered/asm/mixin/injection/callback/CallbackInfo;)V has 0 override(s) in child classes
[22:26:41] [main/DEBUG] (FabricLoader/Mixin) fabric-transfer-api-v1.mixins.json:CrafterBlockMixin from mod fabric-transfer-api-v1->@Inject::transferOrSpawnStack(Lnet/minecraft/server/level/ServerLevel;Lnet/minecraft/core/BlockPos;Lnet/minecraft/world/level/block/entity/CrafterBlockEntity;Lnet/minecraft/world/item/ItemStack;Lnet/minecraft/world/level/block/state/BlockState;Lnet/minecraft/world/item/crafting/RecipeHolder;Lorg/spongepowered/asm/mixin/injection/callback/CallbackInfo;)V won't be passed a CallbackInfo as a result
[22:26:41] [main/DEBUG] (FabricLoader/Mixin) Mixing ItemStackMixin from fabric-item-api-v1.mixins.json into net.minecraft.world.item.ItemStack
[22:26:41] [main/DEBUG] (FabricLoader/Mixin) Renaming synthetic method lambda$hookDamage$0(Lorg/apache/commons/lang3/mutable/MutableBoolean;Ljava/util/function/Consumer;)V to md7d4938$fabric-item-api-v1$lambda$hookDamage$0$0 in fabric-item-api-v1.mixins.json:ItemStackMixin from mod fabric-item-api-v1
[22:26:41] [main/DEBUG] (FabricLoader/Mixin) Mixing ItemStackAccessor from fabric-transfer-api-v1.mixins.json into net.minecraft.world.item.ItemStack
[22:26:41] [main/DEBUG] (FabricLoader/Mixin) Renaming @Invoker method validateComponents(Lnet/minecraft/core/component/DataComponentMap;)Lcom/mojang/serialization/DataResult; to validateComponents$fabric-transfer-api-v1_$md$7d4938$1 in fabric-transfer-api-v1.mixins.json:ItemStackAccessor from mod fabric-transfer-api-v1
[22:26:41] [main/DEBUG] (FabricLoader/Mixin) Mixing ItemStackMixin from fabric-events-interaction-v0.mixins.json into net.minecraft.world.item.ItemStack
[22:26:41] [main/DEBUG] (FabricLoader/Mixin) fabric-item-api-v1.mixins.json:ItemStackMixin from mod fabric-item-api-v1->@Inject::preAttributeModifiers(Lnet/minecraft/world/item/Item$TooltipContext;Lnet/minecraft/world/item/component/TooltipDisplay;Lnet/minecraft/world/entity/player/Player;Lnet/minecraft/world/item/TooltipFlag;Ljava/util/function/Consumer;Lorg/spongepowered/asm/mixin/injection/callback/CallbackInfo;)V doesn't use it's CallbackInfo
[22:26:41] [main/DEBUG] (FabricLoader/Mixin) fabric-item-api-v1.mixins.json:ItemStackMixin from mod fabric-item-api-v1->@Inject::postTooltipsAdvanced(Lnet/minecraft/world/item/Item$TooltipContext;Lnet/minecraft/world/item/component/TooltipDisplay;Lnet/minecraft/world/entity/player/Player;Lnet/minecraft/world/item/TooltipFlag;Ljava/util/function/Consumer;Lorg/spongepowered/asm/mixin/injection/callback/CallbackInfo;)V doesn't use it's CallbackInfo
[22:26:41] [main/DEBUG] (FabricLoader/Mixin) Mixing ValueOutputMixin from fabric-serialization-api-v1.mixins.json into net.minecraft.world.level.storage.ValueOutput
[22:26:41] [main/DEBUG] (FabricLoader/Mixin) Mixing ItemMixin from fabric-item-api-v1.mixins.json into net.minecraft.world.item.Item
[22:26:41] [main/DEBUG] (FabricLoader/Mixin) Mixing ItemMixin from fabric-transfer-api-v1.mixins.json into net.minecraft.world.item.Item
[22:26:41] [main/DEBUG] (FabricLoader/Mixin) fabric-item-api-v1.mixins.json:ItemMixin from mod fabric-item-api-v1->@Inject::onConstruct(Lnet/minecraft/world/item/Item$Properties;Lorg/spongepowered/asm/mixin/injection/callback/CallbackInfo;)V doesn't use it's CallbackInfo
[22:26:41] [main/DEBUG] (FabricLoader/Mixin) fabric-item-api-v1.mixins.json:ItemMixin from mod fabric-item-api-v1->@Inject::onConstruct(Lnet/minecraft/world/item/Item$Properties;Lorg/spongepowered/asm/mixin/injection/callback/CallbackInfo;)V has 0 override(s) in child classes
[22:26:41] [main/DEBUG] (FabricLoader/Mixin) fabric-item-api-v1.mixins.json:ItemMixin from mod fabric-item-api-v1->@Inject::onConstruct(Lnet/minecraft/world/item/Item$Properties;Lorg/spongepowered/asm/mixin/injection/callback/CallbackInfo;)V won't be passed a CallbackInfo as a result
[22:26:41] [main/DEBUG] (FabricLoader/Mixin) Mixing BucketItemAccessor from fabric-transfer-api-v1.mixins.json into net.minecraft.world.item.BucketItem
[22:26:41] [main/DEBUG] (FabricLoader/Mixin) Mixing BucketItemMixin from fabric-transfer-api-v1.mixins.json into net.minecraft.world.item.BucketItem
[22:26:41] [main/DEBUG] (FabricLoader/Mixin) Mixing ItemPropertiesMixin from fabric-item-api-v1.mixins.json into net.minecraft.world.item.Item$Properties
[22:26:41] [main/DEBUG] (FabricLoader/Mixin) Mixing BlockTransformerMixin from fabric-item-api-v1.mixins.json into net.minecraft.core.component.BlockTransformer
[22:26:42] [main/DEBUG] (FabricLoader/Mixin) Mixing LootTableAccessor from fabric-loot-api-v3.mixins.json into net.minecraft.world.level.storage.loot.LootTable
[22:26:42] [main/DEBUG] (FabricLoader/Mixin) Mixing LootTableMixin from fabric-loot-api-v3.mixins.json into net.minecraft.world.level.storage.loot.LootTable
[22:26:42] [main/DEBUG] (FabricLoader/Mixin) Mixing BundleContentsAccessor from fabric-transfer-api-v1.mixins.json into net.minecraft.world.item.component.BundleContents
[22:26:42] [main/DEBUG] (FabricLoader/Mixin) Renaming @Invoker method getWeight(Lnet/minecraft/world/item/ItemInstance;)Lcom/mojang/serialization/DataResult; to getWeight$fabric-transfer-api-v1_$md$7d4938$0 in fabric-transfer-api-v1.mixins.json:BundleContentsAccessor from mod fabric-transfer-api-v1
[22:26:42] [main/DEBUG] (FabricLoader/Mixin) Mixing AttachmentTargetsMixin from fabric-data-attachment-api-v1.mixins.json into net.minecraft.world.level.chunk.ChunkAccess
[22:26:42] [main/DEBUG] (FabricLoader/Mixin) Mixing ChunkAccessMixin from fabric-data-attachment-api-v1.mixins.json into net.minecraft.world.level.chunk.ChunkAccess
[22:26:42] [main/DEBUG] (FabricLoader/Mixin) Mixing server.LevelChunkMixin from fabric-lifecycle-events-v1.mixins.json into net.minecraft.world.level.chunk.LevelChunk
[22:26:42] [main/DEBUG] (FabricLoader/Mixin) Mixing LevelChunkMixin from fabric-data-attachment-api-v1.mixins.json into net.minecraft.world.level.chunk.LevelChunk
[22:26:42] [main/DEBUG] (FabricLoader/Mixin) Renaming synthetic method lambda$fabric_syncChange$0(Lnet/fabricmc/fabric/api/attachment/v1/AttachmentType;Lnet/fabricmc/fabric/impl/attachment/sync/AttachmentChange;Lnet/minecraft/server/level/ServerPlayer;)V to md7d4938$fabric-data-attachment-api-v1$lambda$fabric_syncChange$0$0 in fabric-data-attachment-api-v1.mixins.json:LevelChunkMixin from mod fabric-data-attachment-api-v1
[22:26:42] [main/DEBUG] (FabricLoader/Mixin) fabric-lifecycle-events-v1.mixins.json:server.LevelChunkMixin from mod fabric-lifecycle-events-v1->@Inject::onRemoveBlockEntity(Lnet/minecraft/world/level/block/entity/BlockEntity;Lorg/spongepowered/asm/mixin/injection/callback/CallbackInfo;)V doesn't use it's CallbackInfo
[22:26:42] [main/DEBUG] (FabricLoader/Mixin) fabric-lifecycle-events-v1.mixins.json:server.LevelChunkMixin from mod fabric-lifecycle-events-v1->@Inject::onRemoveBlockEntity(Lnet/minecraft/world/level/block/entity/BlockEntity;Lorg/spongepowered/asm/mixin/injection/callback/CallbackInfo;)V has 0 override(s) in child classes
[22:26:42] [main/DEBUG] (FabricLoader/Mixin) fabric-lifecycle-events-v1.mixins.json:server.LevelChunkMixin from mod fabric-lifecycle-events-v1->@Inject::onRemoveBlockEntity(Lnet/minecraft/world/level/block/entity/BlockEntity;Lorg/spongepowered/asm/mixin/injection/callback/CallbackInfo;)V won't be passed a CallbackInfo as a result
[22:26:42] [main/DEBUG] (FabricLoader/Mixin) fabric-lifecycle-events-v1.mixins.json:server.LevelChunkMixin from mod fabric-lifecycle-events-v1->@Inject::onRemoveBlockEntity(Lnet/minecraft/core/BlockPos;Lorg/spongepowered/asm/mixin/injection/callback/CallbackInfo;)V doesn't use it's CallbackInfo
[22:26:42] [main/DEBUG] (FabricLoader/Mixin) fabric-lifecycle-events-v1.mixins.json:server.LevelChunkMixin from mod fabric-lifecycle-events-v1->@Inject::onRemoveBlockEntity(Lnet/minecraft/core/BlockPos;Lorg/spongepowered/asm/mixin/injection/callback/CallbackInfo;)V has 0 override(s) in child classes
[22:26:42] [main/DEBUG] (FabricLoader/Mixin) fabric-lifecycle-events-v1.mixins.json:server.LevelChunkMixin from mod fabric-lifecycle-events-v1->@Inject::onRemoveBlockEntity(Lnet/minecraft/core/BlockPos;Lorg/spongepowered/asm/mixin/injection/callback/CallbackInfo;)V won't be passed a CallbackInfo as a result
[22:26:42] [main/DEBUG] (FabricLoader/Mixin) fabric-data-attachment-api-v1.mixins.json:LevelChunkMixin from mod fabric-data-attachment-api-v1->@Inject::transferProtoChunkAttachment(Lnet/minecraft/server/level/ServerLevel;Lnet/minecraft/world/level/chunk/ProtoChunk;Lnet/minecraft/world/level/chunk/LevelChunk$PostLoadProcessor;Lorg/spongepowered/asm/mixin/injection/callback/CallbackInfo;)V doesn't use it's CallbackInfo
[22:26:42] [main/DEBUG] (FabricLoader/Mixin) fabric-data-attachment-api-v1.mixins.json:LevelChunkMixin from mod fabric-data-attachment-api-v1->@Inject::transferProtoChunkAttachment(Lnet/minecraft/server/level/ServerLevel;Lnet/minecraft/world/level/chunk/ProtoChunk;Lnet/minecraft/world/level/chunk/LevelChunk$PostLoadProcessor;Lorg/spongepowered/asm/mixin/injection/callback/CallbackInfo;)V has 0 override(s) in child classes
[22:26:42] [main/DEBUG] (FabricLoader/Mixin) fabric-data-attachment-api-v1.mixins.json:LevelChunkMixin from mod fabric-data-attachment-api-v1->@Inject::transferProtoChunkAttachment(Lnet/minecraft/server/level/ServerLevel;Lnet/minecraft/world/level/chunk/ProtoChunk;Lnet/minecraft/world/level/chunk/LevelChunk$PostLoadProcessor;Lorg/spongepowered/asm/mixin/injection/callback/CallbackInfo;)V won't be passed a CallbackInfo as a result
[22:26:42] [main/DEBUG] (FabricLoader/Mixin) Mixing ItemContainerContentsAccessor from fabric-transfer-api-v1.mixins.json into net.minecraft.world.item.component.ItemContainerContents
[22:26:42] [main/DEBUG] (FabricLoader/Mixin) Mixing fluid.AbstractBoatMixin from fabric-content-registries-v0.mixins.json into net.minecraft.world.entity.vehicle.boat.AbstractBoat
[22:26:42] [main/DEBUG] (FabricLoader/Mixin) Mixing EntityTypeBuilderMixin from fabric-object-builder-v1.mixins.json into net.minecraft.world.entity.EntityType$Builder
[22:26:42] [main/DEBUG] (FabricLoader/Mixin) fabric-object-builder-v1.mixins.json:EntityTypeBuilderMixin from mod fabric-object-builder-api-v1->@Inject::applyChildBuilders(Lnet/minecraft/resources/ResourceKey;Lorg/spongepowered/asm/mixin/injection/callback/CallbackInfoReturnable;)V does use it's CallbackInfoReturnable
[22:26:42] [main/DEBUG] (FabricLoader/Mixin) Mixing DimensionStorageFileFixMixin from fabric-data-attachment-api-v1.mixins.json into net.minecraft.util.filefix.fixes.DimensionStorageFileFix
[22:26:42] [main/DEBUG] (FabricLoader/Mixin) Mixing TaggedChoiceMixin from fabric-dimensions-v1.mixins.json into com.mojang.datafixers.types.templates.TaggedChoice
[22:26:42] [main/DEBUG] (FabricLoader/Mixin) fabric-dimensions-v1.mixins.json:TaggedChoiceMixin from mod fabric-dimensions-v1->@Inject::onApply(Lcom/mojang/datafixers/util/Pair;Lorg/spongepowered/asm/mixin/injection/callback/CallbackInfoReturnable;)V does use it's CallbackInfoReturnable
[22:26:42] [main/DEBUG] (FabricLoader/Mixin) Mixing TaggedChoiceTaggedChoiceTypeMixin from fabric-dimensions-v1.mixins.json into com.mojang.datafixers.types.templates.TaggedChoice$TaggedChoiceType
[22:26:42] [main/DEBUG] (FabricLoader/Mixin) fabric-dimensions-v1.mixins.json:TaggedChoiceTaggedChoiceTypeMixin from mod fabric-dimensions-v1->@Inject::onGetCodec(Ljava/lang/Object;Lorg/spongepowered/asm/mixin/injection/callback/CallbackInfoReturnable;)V does use it's CallbackInfoReturnable
[22:26:42] [main/DEBUG] (FabricLoader/Mixin) Mixing V2832Mixin from fabric-dimensions-v1.mixins.json into net.minecraft.util.datafix.schemas.V2832
[22:26:42] [main/DEBUG] (FabricLoader/Mixin) Mixing fluid.FloatGoalMixin from fabric-content-registries-v0.mixins.json into net.minecraft.world.entity.ai.goal.FloatGoal
[22:26:42] [main/DEBUG] (FabricLoader/Mixin) Mixing BreezeMixin from fabric-particles-v1.mixins.json into net.minecraft.world.entity.monster.breeze.Breeze
[22:26:42] [main/DEBUG] (FabricLoader/Mixin) Mixing VillagerMixin from fabric-content-registries-v0.mixins.json into net.minecraft.world.entity.npc.villager.Villager
[22:26:42] [main/DEBUG] (FabricLoader/Mixin) Mixing EntityDataSerializersAccessor from fabric-object-builder-v1.mixins.json into net.minecraft.network.syncher.EntityDataSerializers
[22:26:42] [main/DEBUG] (FabricLoader/Mixin) Renaming @Accessor method fabric_getDataHandlers()Lnet/minecraft/util/CrudeIncrementalIntIdentityHashBiMap; to fabric_getDataHandlers$fabric-object-builder-api-v1_$md$7d4938$0 in fabric-object-builder-v1.mixins.json:EntityDataSerializersAccessor from mod fabric-object-builder-api-v1
[22:26:42] [main/DEBUG] (FabricLoader/Mixin) Mixing EntityDataSerializersMixin from fabric-object-builder-v1.mixins.json into net.minecraft.network.syncher.EntityDataSerializers
[22:26:42] [main/DEBUG] (FabricLoader/Mixin) fabric-object-builder-v1.mixins.json:EntityDataSerializersMixin from mod fabric-object-builder-api-v1->@Inject::storeVanillaHandlers(Lorg/spongepowered/asm/mixin/injection/callback/CallbackInfo;)V doesn't use it's CallbackInfo
[22:26:42] [main/DEBUG] (FabricLoader/Mixin) fabric-object-builder-v1.mixins.json:EntityDataSerializersMixin from mod fabric-object-builder-api-v1->@Inject::onHeadRegister(Lnet/minecraft/network/syncher/EntityDataSerializer;Lorg/spongepowered/asm/mixin/injection/callback/CallbackInfo;)V doesn't use it's CallbackInfo
[22:26:42] [main/DEBUG] (net.fabricmc.fabric.impl.object.builder.FabricEntityDataRegistryImpl) Stored 44 vanilla handlers
[22:26:42] [main/DEBUG] (FabricLoader/Mixin) Mixing WardenMixin from fabric-particles-v1.mixins.json into net.minecraft.world.entity.monster.warden.Warden
[22:26:42] [main/DEBUG] (FabricLoader/Mixin) Mixing HoneycombItemMixin from fabric-content-registries-v0.mixins.json into net.minecraft.world.item.HoneycombItem
[22:26:42] [main/DEBUG] (FabricLoader/Mixin) fabric-content-registries-v0.mixins.json:HoneycombItemMixin from mod fabric-content-registries-v0->@Inject::createWaxables(Lorg/spongepowered/asm/mixin/injection/callback/CallbackInfoReturnable;)V does use it's CallbackInfoReturnable
[22:26:42] [main/DEBUG] (FabricLoader/Mixin) Mixing BrushItemMixin from fabric-particles-v1.mixins.json into net.minecraft.world.item.BrushItem
[22:26:42] [main/DEBUG] (FabricLoader/Mixin) Mixing EntitySelectorOptionsAccessor from fabric-command-api-v2.mixins.json into net.minecraft.commands.arguments.selector.options.EntitySelectorOptions
[22:26:42] [main/DEBUG] (FabricLoader/Mixin) Renaming @Invoker method callPutOption(Ljava/lang/String;Lnet/minecraft/commands/arguments/selector/options/EntitySelectorOptions$Modifier;Ljava/util/function/Predicate;Lnet/minecraft/network/chat/Component;)V to callPutOption$fabric-command-api-v2_$md$7d4938$0 in fabric-command-api-v2.mixins.json:EntitySelectorOptionsAccessor from mod fabric-command-api-v2
[22:26:42] [main/DEBUG] (FabricLoader/Mixin) Mixing EntitySelectorParserMixin from fabric-command-api-v2.mixins.json into net.minecraft.commands.arguments.selector.EntitySelectorParser
[22:26:42] [main/DEBUG] (FabricLoader/Mixin) Generating mapped inner class net/minecraft/world/level/block/entity/ChiseledBookShelfBlockEntity$Anonymous$6b8fabc9a3dd3f94be74f1199f97fdb5 (originally net/fabricmc/fabric/mixin/transfer/ChiseledBookShelfBlockEntityMixin$1)
[22:26:43] [main/DEBUG] (FabricLoader/Mixin) Mixing SimpleContainerMixin from fabric-transfer-api-v1.mixins.json into net.minecraft.world.SimpleContainer
[22:26:43] [main/DEBUG] (FabricLoader/Mixin) Mixing CraftingRecipeMixin from fabric-item-api-v1.mixins.json into net.minecraft.world.item.crafting.CraftingRecipe
[22:26:43] [main/DEBUG] (FabricLoader/Mixin) Mixing ingredient.IngredientMixin from fabric-recipe-api-v1.mixins.json into net.minecraft.world.item.crafting.Ingredient
[22:26:43] [main/DEBUG] (FabricLoader/Mixin) Renaming synthetic method lambda$injectCodec$2(Lnet/minecraft/world/item/crafting/Ingredient;)Lcom/mojang/datafixers/util/Either; to md7d4938$fabric-recipe-api-v1$lambda$injectCodec$2$0 in fabric-recipe-api-v1.mixins.json:ingredient.IngredientMixin from mod fabric-recipe-api-v1
[22:26:43] [main/DEBUG] (FabricLoader/Mixin) Renaming synthetic method lambda$injectCodec$0(Lcom/mojang/datafixers/util/Either;)Lnet/minecraft/world/item/crafting/Ingredient; to md7d4938$fabric-recipe-api-v1$lambda$injectCodec$0$1 in fabric-recipe-api-v1.mixins.json:ingredient.IngredientMixin from mod fabric-recipe-api-v1
[22:26:43] [main/DEBUG] (FabricLoader/Mixin) Renaming synthetic method lambda$injectCodec$1(Lnet/minecraft/world/item/crafting/Ingredient;)Lnet/minecraft/world/item/crafting/Ingredient; to md7d4938$fabric-recipe-api-v1$lambda$injectCodec$1$2 in fabric-recipe-api-v1.mixins.json:ingredient.IngredientMixin from mod fabric-recipe-api-v1
[22:26:43] [main/DEBUG] (FabricLoader/Mixin) fabric-recipe-api-v1.mixins.json:ingredient.IngredientMixin from mod fabric-recipe-api-v1->@Inject::injectCodec(Lorg/spongepowered/asm/mixin/injection/callback/CallbackInfo;)V doesn't use it's CallbackInfo
[22:26:43] [main/DEBUG] (FabricLoader/Mixin) fabric-recipe-api-v1.mixins.json:ingredient.IngredientMixin from mod fabric-recipe-api-v1->@Inject::onGetEntries(Lnet/minecraft/world/item/crafting/Ingredient;Lorg/spongepowered/asm/mixin/injection/callback/CallbackInfoReturnable;)V does use it's CallbackInfoReturnable
[22:26:43] [main/DEBUG] (FabricLoader/Mixin) fabric-recipe-api-v1.mixins.json:ingredient.IngredientMixin from mod fabric-recipe-api-v1->@Inject::onGetEntries(Lnet/minecraft/world/item/crafting/Ingredient;Lorg/spongepowered/asm/mixin/injection/callback/CallbackInfoReturnable;)V does use it's CallbackInfoReturnable
[22:26:43] [main/DEBUG] (FabricLoader/Mixin) fabric-recipe-api-v1.mixins.json:ingredient.IngredientMixin from mod fabric-recipe-api-v1->@Inject::onGetEntries(Lnet/minecraft/world/item/crafting/Ingredient;Lorg/spongepowered/asm/mixin/injection/callback/CallbackInfoReturnable;)V does use it's CallbackInfoReturnable
[22:26:43] [main/DEBUG] (FabricLoader/Mixin) fabric-recipe-api-v1.mixins.json:ingredient.IngredientMixin from mod fabric-recipe-api-v1->@Inject::onHeadEquals(Ljava/lang/Object;Lorg/spongepowered/asm/mixin/injection/callback/CallbackInfoReturnable;)V does use it's CallbackInfoReturnable
[22:26:43] [main/DEBUG] (FabricLoader/Mixin) Mixing ingredient.ShapelessRecipeMixin from fabric-recipe-api-v1.mixins.json into net.minecraft.world.item.crafting.ShapelessRecipe
[22:26:43] [main/DEBUG] (FabricLoader/Mixin) fabric-recipe-api-v1.mixins.json:ingredient.ShapelessRecipeMixin from mod fabric-recipe-api-v1->@Inject::cacheRequiresTesting(Lnet/minecraft/world/item/crafting/Recipe$CommonInfo;Lnet/minecraft/world/item/crafting/CraftingRecipe$CraftingBookInfo;Lnet/minecraft/world/item/ItemStackTemplate;Ljava/util/List;Lorg/spongepowered/asm/mixin/injection/callback/CallbackInfo;)V doesn't use it's CallbackInfo
[22:26:43] [main/DEBUG] (FabricLoader/Mixin) fabric-recipe-api-v1.mixins.json:ingredient.ShapelessRecipeMixin from mod fabric-recipe-api-v1->@Inject::cacheRequiresTesting(Lnet/minecraft/world/item/crafting/Recipe$CommonInfo;Lnet/minecraft/world/item/crafting/CraftingRecipe$CraftingBookInfo;Lnet/minecraft/world/item/ItemStackTemplate;Ljava/util/List;Lorg/spongepowered/asm/mixin/injection/callback/CallbackInfo;)V has 0 override(s) in child classes
[22:26:43] [main/DEBUG] (FabricLoader/Mixin) fabric-recipe-api-v1.mixins.json:ingredient.ShapelessRecipeMixin from mod fabric-recipe-api-v1->@Inject::cacheRequiresTesting(Lnet/minecraft/world/item/crafting/Recipe$CommonInfo;Lnet/minecraft/world/item/crafting/CraftingRecipe$CraftingBookInfo;Lnet/minecraft/world/item/ItemStackTemplate;Ljava/util/List;Lorg/spongepowered/asm/mixin/injection/callback/CallbackInfo;)V won't be passed a CallbackInfo as a result
[22:26:43] [main/DEBUG] (FabricLoader/Mixin) fabric-recipe-api-v1.mixins.json:ingredient.ShapelessRecipeMixin from mod fabric-recipe-api-v1->@Inject::customIngredientMatch(Lnet/minecraft/world/item/crafting/CraftingInput;Lnet/minecraft/world/level/Level;Lorg/spongepowered/asm/mixin/injection/callback/CallbackInfoReturnable;)V does use it's CallbackInfoReturnable
[22:26:43] [main/DEBUG] (FabricLoader/Mixin) Mixing EnchantRandomlyFunctionMixin from fabric-item-api-v1.mixins.json into net.minecraft.world.level.storage.loot.functions.EnchantRandomlyFunction
[22:26:43] [main/DEBUG] (FabricLoader/Mixin) Mixing DimensionTypeAccessor from fabric-dimensions-v1.mixins.json into net.minecraft.world.level.dimension.DimensionType
[22:26:43] [main/DEBUG] (FabricLoader/Mixin) Mixing MatchingBlocksPredicateAccessor from logstripper.mixins.json into net.minecraft.world.level.levelgen.blockpredicates.MatchingBlocksPredicate
[22:26:43] [main/DEBUG] (FabricLoader/Mixin) Mixing StructureTemplateManagerMixin from fabric-gametest-api-v1.mixins.json into net.minecraft.world.level.levelgen.structure.templatesystem.StructureTemplateManager
[22:26:43] [main/DEBUG] (FabricLoader/Mixin) fabric-gametest-api-v1.mixins.json:StructureTemplateManagerMixin from mod fabric-gametest-api-v1->@Inject::addFabricTemplateProvider(Lnet/minecraft/server/packs/resources/ResourceManager;Lnet/minecraft/world/level/storage/LevelStorageSource$LevelStorageAccess;Lcom/mojang/datafixers/DataFixer;Lnet/minecraft/core/HolderGetter;Lorg/spongepowered/asm/mixin/injection/callback/CallbackInfo;)V doesn't use it's CallbackInfo
[22:26:43] [main/DEBUG] (FabricLoader/Mixin) fabric-gametest-api-v1.mixins.json:StructureTemplateManagerMixin from mod fabric-gametest-api-v1->@Inject::addFabricTemplateProvider(Lnet/minecraft/server/packs/resources/ResourceManager;Lnet/minecraft/world/level/storage/LevelStorageSource$LevelStorageAccess;Lcom/mojang/datafixers/DataFixer;Lnet/minecraft/core/HolderGetter;Lorg/spongepowered/asm/mixin/injection/callback/CallbackInfo;)V has 0 override(s) in child classes
[22:26:43] [main/DEBUG] (FabricLoader/Mixin) fabric-gametest-api-v1.mixins.json:StructureTemplateManagerMixin from mod fabric-gametest-api-v1->@Inject::addFabricTemplateProvider(Lnet/minecraft/server/packs/resources/ResourceManager;Lnet/minecraft/world/level/storage/LevelStorageSource$LevelStorageAccess;Lcom/mojang/datafixers/DataFixer;Lnet/minecraft/core/HolderGetter;Lorg/spongepowered/asm/mixin/injection/callback/CallbackInfo;)V won't be passed a CallbackInfo as a result
[22:26:43] [main/DEBUG] (FabricLoader/Mixin) Mixing BiomeSourceMixin from fabric-biome-api-v1.mixins.json into net.minecraft.world.level.biome.BiomeSource
[22:26:43] [main/DEBUG] (FabricLoader/Mixin) Mixing MultiNoiseBiomeSourceMixin from fabric-biome-api-v1.mixins.json into net.minecraft.world.level.biome.MultiNoiseBiomeSource
[22:26:43] [main/DEBUG] (FabricLoader/Mixin) Mixing NetherBiomePresetMixin from fabric-biome-api-v1.mixins.json into net.minecraft.world.level.biome.MultiNoiseBiomeSourceParameterList$Preset$1
[22:26:43] [main/DEBUG] (FabricLoader/Mixin) fabric-biome-api-v1.mixins.json:NetherBiomePresetMixin from mod fabric-biome-api-v1->@Inject::apply(Ljava/util/function/Function;Lorg/spongepowered/asm/mixin/injection/callback/CallbackInfoReturnable;)V does use it's CallbackInfoReturnable
[22:26:43] [main/DEBUG] (FabricLoader/Mixin) Mixing RegistryOpsAccessor from fabric-resource-conditions-api-v1.mixins.json into net.minecraft.resources.RegistryOps
[22:26:43] [main/DEBUG] (FabricLoader/Mixin) Mixing TheEndBiomeSourceMixin from fabric-biome-api-v1.mixins.json into net.minecraft.world.level.biome.TheEndBiomeSource
[22:26:43] [main/DEBUG] (FabricLoader/Mixin) Renaming synthetic method lambda$init$0(Lnet/minecraft/core/HolderGetter;)Lnet/fabricmc/fabric/impl/biome/TheEndBiomeData$Overrides; to md7d4938$fabric-biome-api-v1$lambda$init$0$0 in fabric-biome-api-v1.mixins.json:TheEndBiomeSourceMixin from mod fabric-biome-api-v1
[22:26:43] [main/DEBUG] (FabricLoader/Mixin) Renaming synthetic method lambda$modifyCodec$0(Lcom/mojang/serialization/codecs/RecordCodecBuilder$Instance;)Lcom/mojang/datafixers/kinds/App; to md7d4938$fabric-biome-api-v1$lambda$modifyCodec$0$1 in fabric-biome-api-v1.mixins.json:TheEndBiomeSourceMixin from mod fabric-biome-api-v1
[22:26:43] [main/DEBUG] (FabricLoader/Mixin) fabric-biome-api-v1.mixins.json:TheEndBiomeSourceMixin from mod fabric-biome-api-v1->@Inject::modifyCodec(Lorg/spongepowered/asm/mixin/injection/callback/CallbackInfo;)V doesn't use it's CallbackInfo
[22:26:43] [main/DEBUG] (FabricLoader/Mixin) fabric-biome-api-v1.mixins.json:TheEndBiomeSourceMixin from mod fabric-biome-api-v1->@Inject::rememberLookup(Lnet/minecraft/core/HolderGetter;Lorg/spongepowered/asm/mixin/injection/callback/CallbackInfoReturnable;)V doesn't use it's CallbackInfoReturnable
[22:26:43] [main/DEBUG] (FabricLoader/Mixin) fabric-biome-api-v1.mixins.json:TheEndBiomeSourceMixin from mod fabric-biome-api-v1->@Inject::clearLookup(Lnet/minecraft/core/HolderGetter;Lorg/spongepowered/asm/mixin/injection/callback/CallbackInfoReturnable;)V doesn't use it's CallbackInfoReturnable
[22:26:43] [main/DEBUG] (FabricLoader/Mixin) fabric-biome-api-v1.mixins.json:TheEndBiomeSourceMixin from mod fabric-biome-api-v1->@Inject::init(Lnet/minecraft/core/Holder;Lnet/minecraft/core/Holder;Lnet/minecraft/core/Holder;Lnet/minecraft/core/Holder;Lnet/minecraft/core/Holder;Lorg/spongepowered/asm/mixin/injection/callback/CallbackInfo;)V doesn't use it's CallbackInfo
[22:26:43] [main/DEBUG] (FabricLoader/Mixin) fabric-biome-api-v1.mixins.json:TheEndBiomeSourceMixin from mod fabric-biome-api-v1->@Inject::init(Lnet/minecraft/core/Holder;Lnet/minecraft/core/Holder;Lnet/minecraft/core/Holder;Lnet/minecraft/core/Holder;Lnet/minecraft/core/Holder;Lorg/spongepowered/asm/mixin/injection/callback/CallbackInfo;)V has 0 override(s) in child classes
[22:26:43] [main/DEBUG] (FabricLoader/Mixin) fabric-biome-api-v1.mixins.json:TheEndBiomeSourceMixin from mod fabric-biome-api-v1->@Inject::init(Lnet/minecraft/core/Holder;Lnet/minecraft/core/Holder;Lnet/minecraft/core/Holder;Lnet/minecraft/core/Holder;Lnet/minecraft/core/Holder;Lorg/spongepowered/asm/mixin/injection/callback/CallbackInfo;)V won't be passed a CallbackInfo as a result
[22:26:43] [main/DEBUG] (FabricLoader/Mixin) fabric-biome-api-v1.mixins.json:TheEndBiomeSourceMixin from mod fabric-biome-api-v1->@Inject::getWeightedEndBiome(IIILnet/minecraft/world/level/biome/Climate$Sampler;Lorg/spongepowered/asm/mixin/injection/callback/CallbackInfoReturnable;)V does use it's CallbackInfoReturnable
[22:26:43] [main/DEBUG] (FabricLoader/Mixin) fabric-biome-api-v1.mixins.json:TheEndBiomeSourceMixin from mod fabric-biome-api-v1->@Inject::getWeightedEndBiome(IIILnet/minecraft/world/level/biome/Climate$Sampler;Lorg/spongepowered/asm/mixin/injection/callback/CallbackInfoReturnable;)V does use it's CallbackInfoReturnable
[22:26:43] [main/DEBUG] (FabricLoader/Mixin) fabric-biome-api-v1.mixins.json:TheEndBiomeSourceMixin from mod fabric-biome-api-v1->@Inject::getWeightedEndBiome(IIILnet/minecraft/world/level/biome/Climate$Sampler;Lorg/spongepowered/asm/mixin/injection/callback/CallbackInfoReturnable;)V does use it's CallbackInfoReturnable
[22:26:43] [main/DEBUG] (FabricLoader/Mixin) fabric-biome-api-v1.mixins.json:TheEndBiomeSourceMixin from mod fabric-biome-api-v1->@Inject::getWeightedEndBiome(IIILnet/minecraft/world/level/biome/Climate$Sampler;Lorg/spongepowered/asm/mixin/injection/callback/CallbackInfoReturnable;)V does use it's CallbackInfoReturnable
[22:26:43] [main/DEBUG] (FabricLoader/Mixin) fabric-biome-api-v1.mixins.json:TheEndBiomeSourceMixin from mod fabric-biome-api-v1->@Inject::getWeightedEndBiome(IIILnet/minecraft/world/level/biome/Climate$Sampler;Lorg/spongepowered/asm/mixin/injection/callback/CallbackInfoReturnable;)V does use it's CallbackInfoReturnable
[22:26:43] [main/DEBUG] (FabricLoader/Mixin) Mixing DebugLevelSourceAccessor from fabric-registry-sync-v0.mixins.json into net.minecraft.world.level.levelgen.DebugLevelSource
[22:26:43] [main/DEBUG] (FabricLoader/Mixin) Renaming @Accessor method setALL_BLOCKS(Ljava/util/List;)V to setALL_BLOCKS$fabric-registry-sync-v0_$md$7d4938$0 in fabric-registry-sync-v0.mixins.json:DebugLevelSourceAccessor from mod fabric-registry-sync-v0
[22:26:43] [main/DEBUG] (FabricLoader/Mixin) Renaming @Accessor method setGRID_WIDTH(I)V to setGRID_WIDTH$fabric-registry-sync-v0_$md$7d4938$1 in fabric-registry-sync-v0.mixins.json:DebugLevelSourceAccessor from mod fabric-registry-sync-v0
[22:26:43] [main/DEBUG] (FabricLoader/Mixin) Renaming @Accessor method setGRID_HEIGHT(I)V to setGRID_HEIGHT$fabric-registry-sync-v0_$md$7d4938$2 in fabric-registry-sync-v0.mixins.json:DebugLevelSourceAccessor from mod fabric-registry-sync-v0
[22:26:43] [main/DEBUG] (FabricLoader/Mixin) Mixing GameRulesServiceGameRuleUpdateMixin from fabric-game-rule-api-v1.mixins.json into net.minecraft.server.jsonrpc.methods.GameRulesService$GameRuleUpdate
[22:26:43] [main/DEBUG] (FabricLoader/Mixin) Renaming synthetic method lambda$fabric_createTypedCodec$0(Lnet/minecraft/world/level/gamerules/GameRule;Lcom/mojang/serialization/codecs/RecordCodecBuilder$Instance;)Lcom/mojang/datafixers/kinds/App; to md7d4938$fabric-game-rule-api-v1$lambda$fabric_createTypedCodec$0$0 in fabric-game-rule-api-v1.mixins.json:GameRulesServiceGameRuleUpdateMixin from mod fabric-game-rule-api-v1
[22:26:43] [main/DEBUG] (FabricLoader/Mixin) Renaming synthetic method lambda$fabric_createTypedCodec$2(Lnet/minecraft/world/level/gamerules/GameRule;Lnet/fabricmc/fabric/impl/gamerule/rpc/FabricGameRuleType;Ljava/lang/Object;)Lnet/minecraft/server/jsonrpc/methods/GameRulesService$GameRuleUpdate; to md7d4938$fabric-game-rule-api-v1$lambda$fabric_createTypedCodec$2$1 in fabric-game-rule-api-v1.mixins.json:GameRulesServiceGameRuleUpdateMixin from mod fabric-game-rule-api-v1
[22:26:43] [main/DEBUG] (FabricLoader/Mixin) Renaming synthetic method lambda$fabric_createTypedCodec$1(Lnet/minecraft/server/jsonrpc/methods/GameRulesService$GameRuleUpdate;)Lnet/fabricmc/fabric/impl/gamerule/rpc/FabricGameRuleType; to md7d4938$fabric-game-rule-api-v1$lambda$fabric_createTypedCodec$1$2 in fabric-game-rule-api-v1.mixins.json:GameRulesServiceGameRuleUpdateMixin from mod fabric-game-rule-api-v1
[22:26:43] [main/DEBUG] (FabricLoader/Mixin) Renaming synthetic method lambda$getValueAndFabricTypeCodec$1(Lnet/minecraft/server/jsonrpc/methods/GameRulesService$GameRuleUpdate;)Lcom/mojang/datafixers/util/Either; to md7d4938$fabric-game-rule-api-v1$lambda$getValueAndFabricTypeCodec$1$3 in fabric-game-rule-api-v1.mixins.json:GameRulesServiceGameRuleUpdateMixin from mod fabric-game-rule-api-v1
[22:26:43] [main/DEBUG] (FabricLoader/Mixin) Renaming synthetic method lambda$getValueAndFabricTypeCodec$0(Lcom/mojang/datafixers/util/Either;)Lnet/minecraft/server/jsonrpc/methods/GameRulesService$GameRuleUpdate; to md7d4938$fabric-game-rule-api-v1$lambda$getValueAndFabricTypeCodec$0$4 in fabric-game-rule-api-v1.mixins.json:GameRulesServiceGameRuleUpdateMixin from mod fabric-game-rule-api-v1
[22:26:43] [main/DEBUG] (FabricLoader/Mixin) fabric-game-rule-api-v1.mixins.json:GameRulesServiceGameRuleUpdateMixin from mod fabric-game-rule-api-v1->@Inject::updateFabricType(Lnet/minecraft/world/level/gamerules/GameRule;Ljava/lang/Object;Lorg/spongepowered/asm/mixin/injection/callback/CallbackInfo;)V doesn't use it's CallbackInfo
[22:26:43] [main/DEBUG] (FabricLoader/Mixin) Mixing DefaultAttributesAccessor from fabric-object-builder-v1.mixins.json into net.minecraft.world.entity.ai.attributes.DefaultAttributes
[22:26:43] [main/DEBUG] (FabricLoader/Mixin) Renaming @Accessor method getRegistry()Ljava/util/Map; to getRegistry$fabric-object-builder-api-v1_$md$7d4938$0 in fabric-object-builder-v1.mixins.json:DefaultAttributesAccessor from mod fabric-object-builder-api-v1
[22:26:43] [main/DEBUG] (FabricLoader/Mixin) Mixing DefaultAttributesMixin from fabric-object-builder-v1.mixins.json into net.minecraft.world.entity.ai.attributes.DefaultAttributes
[22:26:43] [main/DEBUG] (FabricLoader/Mixin) fabric-object-builder-v1.mixins.json:DefaultAttributesMixin from mod fabric-object-builder-api-v1->@Inject::injectAttributes(Lorg/spongepowered/asm/mixin/injection/callback/CallbackInfo;)V doesn't use it's CallbackInfo
[22:26:43] [main/DEBUG] (FabricLoader/Mixin) Mixing AttributeSupplierAccessor from fabric-object-builder-v1.mixins.json into net.minecraft.world.entity.ai.attributes.AttributeSupplier
[22:26:43] [main/DEBUG] (FabricLoader/Mixin) Mixing AttributeSupplierBuilderAccessor from fabric-object-builder-v1.mixins.json into net.minecraft.world.entity.ai.attributes.AttributeSupplier$Builder
[22:26:43] [main/DEBUG] (FabricLoader/Entrypoint) Iterating over entrypoint 'main'
[22:26:43] [main/DEBUG] (FabricLoader/Mixin) Mixing MinecraftServerMixin from fabric-lifecycle-events-v1.mixins.json into net.minecraft.server.MinecraftServer
[22:26:43] [main/DEBUG] (FabricLoader/Mixin) Renaming synthetic method lambda$endResourceReload$0(Ljava/lang/Void;Ljava/lang/Throwable;)Ljava/lang/Void; to md7d4938$fabric-lifecycle-events-v1$lambda$endResourceReload$0$0 in fabric-lifecycle-events-v1.mixins.json:MinecraftServerMixin from mod fabric-lifecycle-events-v1
[22:26:43] [main/DEBUG] (FabricLoader/Mixin) Mixing modification.MinecraftServerMixin from fabric-biome-api-v1.mixins.json into net.minecraft.server.MinecraftServer
[22:26:43] [main/DEBUG] (FabricLoader/Mixin) Mixing MinecraftServerMixin from fabric-data-attachment-api-v1.mixins.json into net.minecraft.server.MinecraftServer
[22:26:43] [main/DEBUG] (FabricLoader/Mixin) Renaming synthetic method lambda$initGlobalAttachments$0()Lnet/fabricmc/fabric/impl/attachment/AttachmentSavedData; to md7d4938$fabric-data-attachment-api-v1$lambda$initGlobalAttachments$0$1 in fabric-data-attachment-api-v1.mixins.json:MinecraftServerMixin from mod fabric-data-attachment-api-v1
[22:26:43] [main/DEBUG] (FabricLoader/Mixin) Mixing MinecraftServerMixin from fabric-resource-loader-v1.mixins.json into net.minecraft.server.MinecraftServer
[22:26:43] [main/DEBUG] (FabricLoader/Mixin) Renaming synthetic method lambda$init$0(Lnet/minecraft/server/packs/PackResources;)Ljava/util/stream/Stream; to md7d4938$fabric-resource-loader-v1$lambda$init$0$2 in fabric-resource-loader-v1.mixins.json:MinecraftServerMixin from mod fabric-resource-loader-v1
[22:26:43] [main/DEBUG] (FabricLoader/Mixin) Mixing MinecraftServerMixin from fabric-message-api-v1.mixins.json into net.minecraft.server.MinecraftServer
[22:26:43] [main/DEBUG] (FabricLoader/Mixin) Renaming synthetic method lambda$onGetChatDecorator$0(Lnet/minecraft/server/level/ServerPlayer;Lnet/minecraft/network/chat/Component;)Lnet/minecraft/network/chat/Component; to md7d4938$fabric-message-api-v1$lambda$onGetChatDecorator$0$3 in fabric-message-api-v1.mixins.json:MinecraftServerMixin from mod fabric-message-api-v1
[22:26:43] [main/DEBUG] (FabricLoader/Mixin) Mixing MinecraftServerMixin from fabric-registry-sync-v0.mixins.json into net.minecraft.server.MinecraftServer
[22:26:43] [main/DEBUG] (FabricLoader/Mixin) Mixing MinecraftServerMixin from fabric-game-rule-api-v1.mixins.json into net.minecraft.server.MinecraftServer
[22:26:43] [main/DEBUG] (FabricLoader/Mixin) fabric-lifecycle-events-v1.mixins.json:MinecraftServerMixin from mod fabric-lifecycle-events-v1->@Inject::beforeSetupServer(Lorg/spongepowered/asm/mixin/injection/callback/CallbackInfo;)V doesn't use it's CallbackInfo
[22:26:43] [main/DEBUG] (FabricLoader/Mixin) fabric-lifecycle-events-v1.mixins.json:MinecraftServerMixin from mod fabric-lifecycle-events-v1->@Inject::beforeSetupServer(Lorg/spongepowered/asm/mixin/injection/callback/CallbackInfo;)V has 0 override(s) in child classes
[22:26:43] [main/DEBUG] (FabricLoader/Mixin) fabric-lifecycle-events-v1.mixins.json:MinecraftServerMixin from mod fabric-lifecycle-events-v1->@Inject::beforeSetupServer(Lorg/spongepowered/asm/mixin/injection/callback/CallbackInfo;)V won't be passed a CallbackInfo as a result
[22:26:43] [main/DEBUG] (FabricLoader/Mixin) fabric-lifecycle-events-v1.mixins.json:MinecraftServerMixin from mod fabric-lifecycle-events-v1->@Inject::afterSetupServer(Lorg/spongepowered/asm/mixin/injection/callback/CallbackInfo;)V doesn't use it's CallbackInfo
[22:26:43] [main/DEBUG] (FabricLoader/Mixin) fabric-lifecycle-events-v1.mixins.json:MinecraftServerMixin from mod fabric-lifecycle-events-v1->@Inject::afterSetupServer(Lorg/spongepowered/asm/mixin/injection/callback/CallbackInfo;)V has 0 override(s) in child classes
[22:26:43] [main/DEBUG] (FabricLoader/Mixin) fabric-lifecycle-events-v1.mixins.json:MinecraftServerMixin from mod fabric-lifecycle-events-v1->@Inject::afterSetupServer(Lorg/spongepowered/asm/mixin/injection/callback/CallbackInfo;)V won't be passed a CallbackInfo as a result
[22:26:43] [main/DEBUG] (FabricLoader/Mixin) fabric-lifecycle-events-v1.mixins.json:MinecraftServerMixin from mod fabric-lifecycle-events-v1->@Inject::beforeShutdownServer(Lorg/spongepowered/asm/mixin/injection/callback/CallbackInfo;)V doesn't use it's CallbackInfo
[22:26:43] [main/DEBUG] (FabricLoader/Mixin) fabric-lifecycle-events-v1.mixins.json:MinecraftServerMixin from mod fabric-lifecycle-events-v1->@Inject::beforeShutdownServer(Lorg/spongepowered/asm/mixin/injection/callback/CallbackInfo;)V has 0 override(s) in child classes
[22:26:43] [main/DEBUG] (FabricLoader/Mixin) fabric-lifecycle-events-v1.mixins.json:MinecraftServerMixin from mod fabric-lifecycle-events-v1->@Inject::beforeShutdownServer(Lorg/spongepowered/asm/mixin/injection/callback/CallbackInfo;)V won't be passed a CallbackInfo as a result
[22:26:43] [main/DEBUG] (FabricLoader/Mixin) fabric-lifecycle-events-v1.mixins.json:MinecraftServerMixin from mod fabric-lifecycle-events-v1->@Inject::afterShutdownServer(Lorg/spongepowered/asm/mixin/injection/callback/CallbackInfo;)V doesn't use it's CallbackInfo
[22:26:43] [main/DEBUG] (FabricLoader/Mixin) fabric-lifecycle-events-v1.mixins.json:MinecraftServerMixin from mod fabric-lifecycle-events-v1->@Inject::afterShutdownServer(Lorg/spongepowered/asm/mixin/injection/callback/CallbackInfo;)V has 0 override(s) in child classes
[22:26:43] [main/DEBUG] (FabricLoader/Mixin) fabric-lifecycle-events-v1.mixins.json:MinecraftServerMixin from mod fabric-lifecycle-events-v1->@Inject::afterShutdownServer(Lorg/spongepowered/asm/mixin/injection/callback/CallbackInfo;)V won't be passed a CallbackInfo as a result
[22:26:43] [main/DEBUG] (FabricLoader/Mixin) fabric-lifecycle-events-v1.mixins.json:MinecraftServerMixin from mod fabric-lifecycle-events-v1->@Inject::onStartTick(Ljava/util/function/BooleanSupplier;Lorg/spongepowered/asm/mixin/injection/callback/CallbackInfo;)V doesn't use it's CallbackInfo
[22:26:43] [main/DEBUG] (FabricLoader/Mixin) fabric-lifecycle-events-v1.mixins.json:MinecraftServerMixin from mod fabric-lifecycle-events-v1->@Inject::onStartTick(Ljava/util/function/BooleanSupplier;Lorg/spongepowered/asm/mixin/injection/callback/CallbackInfo;)V has 0 override(s) in child classes
[22:26:43] [main/DEBUG] (FabricLoader/Mixin) fabric-lifecycle-events-v1.mixins.json:MinecraftServerMixin from mod fabric-lifecycle-events-v1->@Inject::onStartTick(Ljava/util/function/BooleanSupplier;Lorg/spongepowered/asm/mixin/injection/callback/CallbackInfo;)V won't be passed a CallbackInfo as a result
[22:26:43] [main/DEBUG] (FabricLoader/Mixin) fabric-lifecycle-events-v1.mixins.json:MinecraftServerMixin from mod fabric-lifecycle-events-v1->@Inject::onEndTick(Ljava/util/function/BooleanSupplier;Lorg/spongepowered/asm/mixin/injection/callback/CallbackInfo;)V doesn't use it's CallbackInfo
[22:26:43] [main/DEBUG] (FabricLoader/Mixin) fabric-lifecycle-events-v1.mixins.json:MinecraftServerMixin from mod fabric-lifecycle-events-v1->@Inject::onEndTick(Ljava/util/function/BooleanSupplier;Lorg/spongepowered/asm/mixin/injection/callback/CallbackInfo;)V has 0 override(s) in child classes
[22:26:43] [main/DEBUG] (FabricLoader/Mixin) fabric-lifecycle-events-v1.mixins.json:MinecraftServerMixin from mod fabric-lifecycle-events-v1->@Inject::onEndTick(Ljava/util/function/BooleanSupplier;Lorg/spongepowered/asm/mixin/injection/callback/CallbackInfo;)V won't be passed a CallbackInfo as a result
[22:26:43] [main/DEBUG] (FabricLoader/Mixin) fabric-lifecycle-events-v1.mixins.json:MinecraftServerMixin from mod fabric-lifecycle-events-v1->@Inject::onUnloadWorldAtShutdown(Lorg/spongepowered/asm/mixin/injection/callback/CallbackInfo;)V doesn't use it's CallbackInfo
[22:26:43] [main/DEBUG] (FabricLoader/Mixin) fabric-lifecycle-events-v1.mixins.json:MinecraftServerMixin from mod fabric-lifecycle-events-v1->@Inject::onUnloadWorldAtShutdown(Lorg/spongepowered/asm/mixin/injection/callback/CallbackInfo;)V has 0 override(s) in child classes
[22:26:43] [main/DEBUG] (FabricLoader/Mixin) fabric-lifecycle-events-v1.mixins.json:MinecraftServerMixin from mod fabric-lifecycle-events-v1->@Inject::onUnloadWorldAtShutdown(Lorg/spongepowered/asm/mixin/injection/callback/CallbackInfo;)V won't be passed a CallbackInfo as a result
[22:26:43] [main/DEBUG] (FabricLoader/Mixin) fabric-lifecycle-events-v1.mixins.json:MinecraftServerMixin from mod fabric-lifecycle-events-v1->@Inject::startResourceReload(Ljava/util/Collection;Lorg/spongepowered/asm/mixin/injection/callback/CallbackInfoReturnable;)V doesn't use it's CallbackInfoReturnable
[22:26:43] [main/DEBUG] (FabricLoader/Mixin) fabric-lifecycle-events-v1.mixins.json:MinecraftServerMixin from mod fabric-lifecycle-events-v1->@Inject::startResourceReload(Ljava/util/Collection;Lorg/spongepowered/asm/mixin/injection/callback/CallbackInfoReturnable;)V has 0 override(s) in child classes
[22:26:43] [main/DEBUG] (FabricLoader/Mixin) fabric-lifecycle-events-v1.mixins.json:MinecraftServerMixin from mod fabric-lifecycle-events-v1->@Inject::startResourceReload(Ljava/util/Collection;Lorg/spongepowered/asm/mixin/injection/callback/CallbackInfoReturnable;)V won't be passed a CallbackInfoReturnable as a result
[22:26:43] [main/DEBUG] (FabricLoader/Mixin) fabric-lifecycle-events-v1.mixins.json:MinecraftServerMixin from mod fabric-lifecycle-events-v1->@Inject::endResourceReload(Ljava/util/Collection;Lorg/spongepowered/asm/mixin/injection/callback/CallbackInfoReturnable;)V does use it's CallbackInfoReturnable
[22:26:43] [main/DEBUG] (FabricLoader/Mixin) fabric-lifecycle-events-v1.mixins.json:MinecraftServerMixin from mod fabric-lifecycle-events-v1->@Inject::startSave(ZZZLorg/spongepowered/asm/mixin/injection/callback/CallbackInfoReturnable;)V doesn't use it's CallbackInfoReturnable
[22:26:43] [main/DEBUG] (FabricLoader/Mixin) fabric-lifecycle-events-v1.mixins.json:MinecraftServerMixin from mod fabric-lifecycle-events-v1->@Inject::startSave(ZZZLorg/spongepowered/asm/mixin/injection/callback/CallbackInfoReturnable;)V has 0 override(s) in child classes
[22:26:43] [main/DEBUG] (FabricLoader/Mixin) fabric-lifecycle-events-v1.mixins.json:MinecraftServerMixin from mod fabric-lifecycle-events-v1->@Inject::startSave(ZZZLorg/spongepowered/asm/mixin/injection/callback/CallbackInfoReturnable;)V won't be passed a CallbackInfoReturnable as a result
[22:26:43] [main/DEBUG] (FabricLoader/Mixin) fabric-lifecycle-events-v1.mixins.json:MinecraftServerMixin from mod fabric-lifecycle-events-v1->@Inject::endSave(ZZZLorg/spongepowered/asm/mixin/injection/callback/CallbackInfoReturnable;)V doesn't use it's CallbackInfoReturnable
[22:26:43] [main/DEBUG] (FabricLoader/Mixin) fabric-lifecycle-events-v1.mixins.json:MinecraftServerMixin from mod fabric-lifecycle-events-v1->@Inject::endSave(ZZZLorg/spongepowered/asm/mixin/injection/callback/CallbackInfoReturnable;)V has 0 override(s) in child classes
[22:26:43] [main/DEBUG] (FabricLoader/Mixin) fabric-lifecycle-events-v1.mixins.json:MinecraftServerMixin from mod fabric-lifecycle-events-v1->@Inject::endSave(ZZZLorg/spongepowered/asm/mixin/injection/callback/CallbackInfoReturnable;)V won't be passed a CallbackInfoReturnable as a result
[22:26:43] [main/DEBUG] (FabricLoader/Mixin) fabric-biome-api-v1.mixins.json:modification.MinecraftServerMixin from mod fabric-biome-api-v1->@Inject::finalizeWorldGen(Lorg/spongepowered/asm/mixin/injection/callback/CallbackInfo;)V doesn't use it's CallbackInfo
[22:26:43] [main/DEBUG] (FabricLoader/Mixin) fabric-biome-api-v1.mixins.json:modification.MinecraftServerMixin from mod fabric-biome-api-v1->@Inject::finalizeWorldGen(Lorg/spongepowered/asm/mixin/injection/callback/CallbackInfo;)V has 0 override(s) in child classes
[22:26:43] [main/DEBUG] (FabricLoader/Mixin) fabric-biome-api-v1.mixins.json:modification.MinecraftServerMixin from mod fabric-biome-api-v1->@Inject::finalizeWorldGen(Lorg/spongepowered/asm/mixin/injection/callback/CallbackInfo;)V won't be passed a CallbackInfo as a result
[22:26:43] [main/DEBUG] (FabricLoader/Mixin) fabric-data-attachment-api-v1.mixins.json:MinecraftServerMixin from mod fabric-data-attachment-api-v1->@Inject::initGlobalAttachments(Lorg/spongepowered/asm/mixin/injection/callback/CallbackInfo;)V doesn't use it's CallbackInfo
[22:26:43] [main/DEBUG] (FabricLoader/Mixin) fabric-data-attachment-api-v1.mixins.json:MinecraftServerMixin from mod fabric-data-attachment-api-v1->@Inject::initGlobalAttachments(Lorg/spongepowered/asm/mixin/injection/callback/CallbackInfo;)V has 0 override(s) in child classes
[22:26:43] [main/DEBUG] (FabricLoader/Mixin) fabric-data-attachment-api-v1.mixins.json:MinecraftServerMixin from mod fabric-data-attachment-api-v1->@Inject::initGlobalAttachments(Lorg/spongepowered/asm/mixin/injection/callback/CallbackInfo;)V won't be passed a CallbackInfo as a result
[22:26:43] [main/DEBUG] (FabricLoader/Mixin) fabric-resource-loader-v1.mixins.json:MinecraftServerMixin from mod fabric-resource-loader-v1->@Inject::init(Ljava/lang/Thread;Lnet/minecraft/world/level/storage/LevelStorageSource$LevelStorageAccess;Lnet/minecraft/server/packs/repository/PackRepository;Lnet/minecraft/server/WorldStem;Ljava/util/Optional;Ljava/net/Proxy;Lcom/mojang/datafixers/DataFixer;Lnet/minecraft/server/Services;Lnet/minecraft/server/level/progress/LevelLoadListener;ZLnet/minecraft/server/notifications/NotificationManager;Lorg/spongepowered/asm/mixin/injection/callback/CallbackInfo;)V doesn't use it's CallbackInfo
[22:26:43] [main/DEBUG] (FabricLoader/Mixin) fabric-resource-loader-v1.mixins.json:MinecraftServerMixin from mod fabric-resource-loader-v1->@Inject::init(Ljava/lang/Thread;Lnet/minecraft/world/level/storage/LevelStorageSource$LevelStorageAccess;Lnet/minecraft/server/packs/repository/PackRepository;Lnet/minecraft/server/WorldStem;Ljava/util/Optional;Ljava/net/Proxy;Lcom/mojang/datafixers/DataFixer;Lnet/minecraft/server/Services;Lnet/minecraft/server/level/progress/LevelLoadListener;ZLnet/minecraft/server/notifications/NotificationManager;Lorg/spongepowered/asm/mixin/injection/callback/CallbackInfo;)V has 0 override(s) in child classes
[22:26:43] [main/DEBUG] (FabricLoader/Mixin) fabric-resource-loader-v1.mixins.json:MinecraftServerMixin from mod fabric-resource-loader-v1->@Inject::init(Ljava/lang/Thread;Lnet/minecraft/world/level/storage/LevelStorageSource$LevelStorageAccess;Lnet/minecraft/server/packs/repository/PackRepository;Lnet/minecraft/server/WorldStem;Ljava/util/Optional;Ljava/net/Proxy;Lcom/mojang/datafixers/DataFixer;Lnet/minecraft/server/Services;Lnet/minecraft/server/level/progress/LevelLoadListener;ZLnet/minecraft/server/notifications/NotificationManager;Lorg/spongepowered/asm/mixin/injection/callback/CallbackInfo;)V won't be passed a CallbackInfo as a result
[22:26:43] [main/DEBUG] (FabricLoader/Mixin) fabric-message-api-v1.mixins.json:MinecraftServerMixin from mod fabric-message-api-v1->@Inject::onGetChatDecorator(Lorg/spongepowered/asm/mixin/injection/callback/CallbackInfoReturnable;)V does use it's CallbackInfoReturnable
[22:26:43] [main/DEBUG] (FabricLoader/Mixin) fabric-registry-sync-v0.mixins.json:MinecraftServerMixin from mod fabric-registry-sync-v0->@Inject::saveRegistryEntryInfo(Ljava/lang/Thread;Lnet/minecraft/world/level/storage/LevelStorageSource$LevelStorageAccess;Lnet/minecraft/server/packs/repository/PackRepository;Lnet/minecraft/server/WorldStem;Ljava/util/Optional;Ljava/net/Proxy;Lcom/mojang/datafixers/DataFixer;Lnet/minecraft/server/Services;Lnet/minecraft/server/level/progress/LevelLoadListener;ZLnet/minecraft/server/notifications/NotificationManager;Lorg/spongepowered/asm/mixin/injection/callback/CallbackInfo;)V doesn't use it's CallbackInfo
[22:26:43] [main/DEBUG] (FabricLoader/Mixin) fabric-registry-sync-v0.mixins.json:MinecraftServerMixin from mod fabric-registry-sync-v0->@Inject::saveRegistryEntryInfo(Ljava/lang/Thread;Lnet/minecraft/world/level/storage/LevelStorageSource$LevelStorageAccess;Lnet/minecraft/server/packs/repository/PackRepository;Lnet/minecraft/server/WorldStem;Ljava/util/Optional;Ljava/net/Proxy;Lcom/mojang/datafixers/DataFixer;Lnet/minecraft/server/Services;Lnet/minecraft/server/level/progress/LevelLoadListener;ZLnet/minecraft/server/notifications/NotificationManager;Lorg/spongepowered/asm/mixin/injection/callback/CallbackInfo;)V has 0 override(s) in child classes
[22:26:43] [main/DEBUG] (FabricLoader/Mixin) fabric-registry-sync-v0.mixins.json:MinecraftServerMixin from mod fabric-registry-sync-v0->@Inject::saveRegistryEntryInfo(Ljava/lang/Thread;Lnet/minecraft/world/level/storage/LevelStorageSource$LevelStorageAccess;Lnet/minecraft/server/packs/repository/PackRepository;Lnet/minecraft/server/WorldStem;Ljava/util/Optional;Ljava/net/Proxy;Lcom/mojang/datafixers/DataFixer;Lnet/minecraft/server/Services;Lnet/minecraft/server/level/progress/LevelLoadListener;ZLnet/minecraft/server/notifications/NotificationManager;Lorg/spongepowered/asm/mixin/injection/callback/CallbackInfo;)V won't be passed a CallbackInfo as a result
[22:26:43] [main/DEBUG] (FabricLoader/Mixin) fabric-game-rule-api-v1.mixins.json:MinecraftServerMixin from mod fabric-game-rule-api-v1->@Inject::handleGameRuleUpdate(Lnet/minecraft/world/level/gamerules/GameRule;Ljava/lang/Object;Lorg/spongepowered/asm/mixin/injection/callback/CallbackInfo;)V doesn't use it's CallbackInfo
[22:26:43] [main/DEBUG] (FabricLoader/Mixin) fabric-game-rule-api-v1.mixins.json:MinecraftServerMixin from mod fabric-game-rule-api-v1->@Inject::handleGameRuleUpdate(Lnet/minecraft/world/level/gamerules/GameRule;Ljava/lang/Object;Lorg/spongepowered/asm/mixin/injection/callback/CallbackInfo;)V has 0 override(s) in child classes
[22:26:43] [main/DEBUG] (FabricLoader/Mixin) fabric-game-rule-api-v1.mixins.json:MinecraftServerMixin from mod fabric-game-rule-api-v1->@Inject::handleGameRuleUpdate(Lnet/minecraft/world/level/gamerules/GameRule;Ljava/lang/Object;Lorg/spongepowered/asm/mixin/injection/callback/CallbackInfo;)V won't be passed a CallbackInfo as a result
[22:26:43] [main/DEBUG] (FabricLoader/Mixin) Mixing ServerConfigurationPacketListenerImplMixin from fabric-networking-api-v1.mixins.json into net.minecraft.server.network.ServerConfigurationPacketListenerImpl
[22:26:43] [main/DEBUG] (FabricLoader/Mixin) Renaming synthetic method lambda$bindChannelInfo$0(Lnet/minecraft/network/RegistryFriendlyByteBuf;)Lnet/minecraft/network/RegistryFriendlyByteBuf; to md7d4938$fabric-networking-api-v1$lambda$bindChannelInfo$0$0 in fabric-networking-api-v1.mixins.json:ServerConfigurationPacketListenerImplMixin from mod fabric-networking-api-v1
[22:26:43] [main/DEBUG] (FabricLoader/Mixin) Mixing ServerConfigurationPacketListenerImplMixin from fabric-resource-loader-v1.mixins.json into net.minecraft.server.network.ServerConfigurationPacketListenerImpl
[22:26:43] [main/DEBUG] (FabricLoader/Mixin) fabric-networking-api-v1.mixins.json:ServerConfigurationPacketListenerImplMixin from mod fabric-networking-api-v1->@Inject::initAddon(Lorg/spongepowered/asm/mixin/injection/callback/CallbackInfo;)V doesn't use it's CallbackInfo
[22:26:43] [main/DEBUG] (FabricLoader/Mixin) fabric-networking-api-v1.mixins.json:ServerConfigurationPacketListenerImplMixin from mod fabric-networking-api-v1->@Inject::initAddon(Lorg/spongepowered/asm/mixin/injection/callback/CallbackInfo;)V has 0 override(s) in child classes
[22:26:43] [main/DEBUG] (FabricLoader/Mixin) fabric-networking-api-v1.mixins.json:ServerConfigurationPacketListenerImplMixin from mod fabric-networking-api-v1->@Inject::initAddon(Lorg/spongepowered/asm/mixin/injection/callback/CallbackInfo;)V won't be passed a CallbackInfo as a result
[22:26:43] [main/DEBUG] (FabricLoader/Mixin) fabric-networking-api-v1.mixins.json:ServerConfigurationPacketListenerImplMixin from mod fabric-networking-api-v1->@Inject::onClientReady(Lorg/spongepowered/asm/mixin/injection/callback/CallbackInfo;)V does use it's CallbackInfo
[22:26:43] [main/DEBUG] (FabricLoader/Mixin) Mixing ServerCommonPacketListenerImplMixin from fabric-networking-api-v1.mixins.json into net.minecraft.server.network.ServerCommonPacketListenerImpl
[22:26:43] [main/DEBUG] (FabricLoader/Mixin) Mixing accessor.ServerCommonPacketListenerImplAccessor from fabric-networking-api-v1.mixins.json into net.minecraft.server.network.ServerCommonPacketListenerImpl
[22:26:43] [main/DEBUG] (FabricLoader/Mixin) Mixing sync.ServerCommonPacketListenerImplAccessor from fabric-recipe-api-v1.mixins.json into net.minecraft.server.network.ServerCommonPacketListenerImpl
[22:26:43] [main/DEBUG] (FabricLoader/Mixin) fabric-networking-api-v1.mixins.json:ServerCommonPacketListenerImplMixin from mod fabric-networking-api-v1->@Inject::handleCustomPayloadReceivedAsync(Lnet/minecraft/network/protocol/common/ServerboundCustomPayloadPacket;Lorg/spongepowered/asm/mixin/injection/callback/CallbackInfo;)V does use it's CallbackInfo
[22:26:43] [main/DEBUG] (FabricLoader/Mixin) fabric-networking-api-v1.mixins.json:ServerCommonPacketListenerImplMixin from mod fabric-networking-api-v1->@Inject::onPlayPong(Lnet/minecraft/network/protocol/common/ServerboundPongPacket;Lorg/spongepowered/asm/mixin/injection/callback/CallbackInfo;)V doesn't use it's CallbackInfo
[22:26:43] [main/DEBUG] (FabricLoader/Mixin) fabric-networking-api-v1.mixins.json:ServerCommonPacketListenerImplMixin from mod fabric-networking-api-v1->@Inject::onPlayPong(Lnet/minecraft/network/protocol/common/ServerboundPongPacket;Lorg/spongepowered/asm/mixin/injection/callback/CallbackInfo;)V has 0 override(s) in child classes
[22:26:43] [main/DEBUG] (FabricLoader/Mixin) fabric-networking-api-v1.mixins.json:ServerCommonPacketListenerImplMixin from mod fabric-networking-api-v1->@Inject::onPlayPong(Lnet/minecraft/network/protocol/common/ServerboundPongPacket;Lorg/spongepowered/asm/mixin/injection/callback/CallbackInfo;)V won't be passed a CallbackInfo as a result
[22:26:43] [main/DEBUG] (FabricLoader/Mixin) Unexpected: Registered method getConnection()Lnet/minecraft/network/Connection; in net.minecraft.server.network.ServerCommonPacketListenerImpl was not merged
[22:26:43] [main/DEBUG] (io.netty.util.internal.InternalThreadLocalMap) -Dio.netty.threadLocalMap.stringBuilder.initialSize: 1024
[22:26:43] [main/DEBUG] (io.netty.util.internal.InternalThreadLocalMap) -Dio.netty.threadLocalMap.stringBuilder.maxSize: 4096
[22:26:43] [main/DEBUG] (io.netty.util.internal.PlatformDependent0) Java version: 25
[22:26:43] [main/DEBUG] (io.netty.util.internal.PlatformDependent0) -Dio.netty.noUnsafe: false
[22:26:43] [main/DEBUG] (io.netty.util.internal.PlatformDependent0) sun.misc.Unsafe.theUnsafe: available
[22:26:43] [main/DEBUG] (io.netty.util.internal.PlatformDependent0) sun.misc.Unsafe base methods: all available
[22:26:43] [main/DEBUG] (io.netty.util.internal.PlatformDependent0) java.nio.Buffer.address: available
[22:26:43] [main/DEBUG] (io.netty.util.internal.PlatformDependent0) direct buffer constructor: unavailable: Reflective setAccessible(true) disabled
[22:26:43] [main/DEBUG] (io.netty.util.internal.PlatformDependent0) java.nio.Bits.unaligned: available, true
[22:26:43] [main/DEBUG] (io.netty.util.internal.PlatformDependent0) jdk.internal.misc.Unsafe.allocateUninitializedArray(int): unavailable: symbolic reference class is not accessible: class jdk.internal.misc.Unsafe, from class io.netty.util.internal.PlatformDependent0 (unnamed module @15de0b3c)
[22:26:43] [main/DEBUG] (io.netty.util.internal.PlatformDependent0) java.nio.DirectByteBuffer.<init>(long, {int,long}): unavailable
[22:26:43] [main/DEBUG] (io.netty.util.internal.PlatformDependent) sun.misc.Unsafe: available
[22:26:43] [main/DEBUG] (io.netty.util.internal.PlatformDependent) -Dio.netty.tmpdir: C:\Users\Jonathan\AppData\Local\Temp (java.io.tmpdir)
[22:26:43] [main/DEBUG] (io.netty.util.internal.PlatformDependent) -Dio.netty.bitMode: 64 (sun.arch.data.model)
[22:26:43] [main/DEBUG] (io.netty.util.internal.PlatformDependent) Platform: Windows
[22:26:43] [main/DEBUG] (io.netty.util.internal.PlatformDependent) -Dio.netty.maxDirectMemory: 8527020032 bytes
[22:26:43] [main/DEBUG] (io.netty.util.internal.CleanerJava9) java.nio.ByteBuffer.cleaner(): available
[22:26:43] [main/DEBUG] (io.netty.util.internal.PlatformDependent) -Dio.netty.noPreferDirect: false
[22:26:43] [main/DEBUG] (io.netty.util.internal.PlatformDependent) -Dio.netty.ignoreExpensiveClean: false
[22:26:43] [main/DEBUG] (io.netty.util.internal.PlatformDependent) -Dio.netty.jfr.enabled: true
[22:26:43] [main/DEBUG] (io.netty.buffer.AdaptiveByteBufAllocator) -Dio.netty.allocator.useCachedMagazinesForNonEventLoopThreads: false
[22:26:43] [main/DEBUG] (io.netty.util.Recycler) -Dio.netty.recycler.maxCapacityPerThread: 4096
[22:26:43] [main/DEBUG] (io.netty.util.Recycler) -Dio.netty.recycler.ratio: 8
[22:26:43] [main/DEBUG] (io.netty.util.Recycler) -Dio.netty.recycler.chunkSize: 32
[22:26:43] [main/DEBUG] (io.netty.util.Recycler) -Dio.netty.recycler.blocking: false
[22:26:43] [main/DEBUG] (io.netty.util.Recycler) -Dio.netty.recycler.batchFastThreadLocalOnly: true
[22:26:43] [main/DEBUG] (io.netty.buffer.ByteBufUtil) -Dio.netty.allocator.type: adaptive
[22:26:43] [main/DEBUG] (io.netty.buffer.ByteBufUtil) -Dio.netty.threadLocalDirectBufferSize: 0
[22:26:43] [main/DEBUG] (io.netty.buffer.ByteBufUtil) -Dio.netty.maxThreadLocalCharBufferSize: 16384
[22:26:43] [main/DEBUG] (FabricLoader/Mixin) Mixing VarIntAccessor from fabric-data-attachment-api-v1.mixins.json into net.minecraft.network.VarInt
[22:26:43] [main/DEBUG] (FabricLoader/Mixin) Renaming @Accessor method getMaxByteSize()I to getMaxByteSize$fabric-data-attachment-api-v1_$md$7d4938$0 in fabric-data-attachment-api-v1.mixins.json:VarIntAccessor from mod fabric-data-attachment-api-v1
[22:26:43] [main/DEBUG] (FabricLoader/Mixin) Mixing ClientboundCustomPayloadPacketAccessor from fabric-data-attachment-api-v1.mixins.json into net.minecraft.network.protocol.common.ClientboundCustomPayloadPacket
[22:26:43] [main/DEBUG] (FabricLoader/Mixin) Mixing ClientboundCustomPayloadPacketMixin from fabric-networking-api-v1.mixins.json into net.minecraft.network.protocol.common.ClientboundCustomPayloadPacket
[22:26:43] [main/DEBUG] (FabricLoader/Mixin) Renaming synthetic method lambda$wrapConfigCodec$0(Lnet/minecraft/network/FriendlyByteBuf;Lnet/minecraft/resources/Identifier;)Lnet/minecraft/network/protocol/common/custom/CustomPacketPayload$TypeAndCodec; to md7d4938$fabric-networking-api-v1$lambda$wrapConfigCodec$0$0 in fabric-networking-api-v1.mixins.json:ClientboundCustomPayloadPacketMixin from mod fabric-networking-api-v1
[22:26:43] [main/DEBUG] (FabricLoader/Mixin) Renaming synthetic method lambda$wrapPlayCodec$0(Lnet/minecraft/network/RegistryFriendlyByteBuf;Lnet/minecraft/resources/Identifier;)Lnet/minecraft/network/protocol/common/custom/CustomPacketPayload$TypeAndCodec; to md7d4938$fabric-networking-api-v1$lambda$wrapPlayCodec$0$1 in fabric-networking-api-v1.mixins.json:ClientboundCustomPayloadPacketMixin from mod fabric-networking-api-v1
[22:26:43] [main/DEBUG] (FabricLoader/Mixin) Mixing CustomPayloadStreamCodecMixin from fabric-networking-api-v1.mixins.json into net.minecraft.network.protocol.common.custom.CustomPacketPayload$1
[22:26:43] [main/INFO] (logstripper) LogStripper initialized
[22:26:43] [main/DEBUG] (FabricLoader/Mixin) Mixing FileToIdConverterAccessor from fabric-resource-conditions-api-v1.mixins.json into net.minecraft.resources.FileToIdConverter
[22:26:43] [main/DEBUG] (FabricLoader/Entrypoint) No subscribers for entrypoint 'server'
[22:26:43] [main/DEBUG] (FabricLoader/Mixin) Mixing MappedRegistryTagSet2Accessor from fabric-tag-api-v1.mixins.json into net.minecraft.core.MappedRegistry$TagSet$2
[22:26:43] [main/DEBUG] (FabricLoader/Mixin) Mixing DedicatedServerPropertiesMixin from fabric-resource-loader-v1.mixins.json into net.minecraft.server.dedicated.DedicatedServerProperties
[22:26:43] [main/DEBUG] (FabricLoader/Mixin) Mixing PackMixin from fabric-resource-conditions-api-v1.mixins.json into net.minecraft.server.packs.repository.Pack
[22:26:43] [main/DEBUG] (FabricLoader/Mixin) Mixing PackMixin from fabric-resource-loader-v1.mixins.json into net.minecraft.server.packs.repository.Pack
[22:26:43] [main/DEBUG] (FabricLoader/Mixin) Renaming synthetic method lambda$onCreateResourcePack$0(Lnet/minecraft/server/packs/PackResources;)V to md7d4938$fabric-resource-loader-v1$lambda$onCreateResourcePack$0$0 in fabric-resource-loader-v1.mixins.json:PackMixin from mod fabric-resource-loader-v1
[22:26:43] [main/DEBUG] (FabricLoader/Mixin) Renaming synthetic method lambda$static$0(Ljava/util/Set;)Z to md7d4938$fabric-resource-loader-v1$lambda$static$0$1 in fabric-resource-loader-v1.mixins.json:PackMixin from mod fabric-resource-loader-v1
[22:26:43] [main/INFO] (com.mojang.authlib.services.MinecraftServicesDiscoveryService) Environment: Environment[discoveryUrl=https://discovery.minecraftservices.com/minecraft/client, name=PROD]
[22:26:43] [Minecraft Services Discovery/DEBUG] (com.mojang.authlib.minecraft.client.MinecraftClient) Connecting to https://discovery.minecraftservices.com/minecraft/client
[22:26:43] [main/DEBUG] (FabricLoader/Mixin) Mixing PackRepositoryMixin from fabric-resource-loader-v1.mixins.json into net.minecraft.server.packs.repository.PackRepository
[22:26:43] [main/DEBUG] (FabricLoader/Mixin) Renaming synthetic method lambda$handleAutoDisable$0(Ljava/util/Set;Lnet/minecraft/server/packs/repository/Pack;)Z to md7d4938$fabric-resource-loader-v1$lambda$handleAutoDisable$0$0 in fabric-resource-loader-v1.mixins.json:PackRepositoryMixin from mod fabric-resource-loader-v1
[22:26:43] [main/DEBUG] (FabricLoader/Mixin) fabric-resource-loader-v1.mixins.json:PackRepositoryMixin from mod fabric-resource-loader-v1->@Inject::construct([Lnet/minecraft/server/packs/repository/RepositorySource;Lorg/spongepowered/asm/mixin/injection/callback/CallbackInfo;)V doesn't use it's CallbackInfo
[22:26:43] [main/DEBUG] (FabricLoader/Mixin) fabric-resource-loader-v1.mixins.json:PackRepositoryMixin from mod fabric-resource-loader-v1->@Inject::construct([Lnet/minecraft/server/packs/repository/RepositorySource;Lorg/spongepowered/asm/mixin/injection/callback/CallbackInfo;)V has 0 override(s) in child classes
[22:26:43] [main/DEBUG] (FabricLoader/Mixin) fabric-resource-loader-v1.mixins.json:PackRepositoryMixin from mod fabric-resource-loader-v1->@Inject::construct([Lnet/minecraft/server/packs/repository/RepositorySource;Lorg/spongepowered/asm/mixin/injection/callback/CallbackInfo;)V won't be passed a CallbackInfo as a result
[22:26:43] [main/DEBUG] (FabricLoader/Mixin) fabric-resource-loader-v1.mixins.json:PackRepositoryMixin from mod fabric-resource-loader-v1->@Inject::handleAutoEnableDisable(Ljava/util/Collection;Lorg/spongepowered/asm/mixin/injection/callback/CallbackInfoReturnable;)V doesn't use it's CallbackInfoReturnable
[22:26:43] [main/DEBUG] (FabricLoader/Mixin) fabric-resource-loader-v1.mixins.json:PackRepositoryMixin from mod fabric-resource-loader-v1->@Inject::handleAutoEnableDisable(Ljava/util/Collection;Lorg/spongepowered/asm/mixin/injection/callback/CallbackInfoReturnable;)V has 0 override(s) in child classes
[22:26:43] [main/DEBUG] (FabricLoader/Mixin) fabric-resource-loader-v1.mixins.json:PackRepositoryMixin from mod fabric-resource-loader-v1->@Inject::handleAutoEnableDisable(Ljava/util/Collection;Lorg/spongepowered/asm/mixin/injection/callback/CallbackInfoReturnable;)V won't be passed a CallbackInfoReturnable as a result
[22:26:43] [main/DEBUG] (FabricLoader/Mixin) fabric-resource-loader-v1.mixins.json:PackRepositoryMixin from mod fabric-resource-loader-v1->@Inject::handleAutoEnable(Ljava/lang/String;Lorg/spongepowered/asm/mixin/injection/callback/CallbackInfoReturnable;)V doesn't use it's CallbackInfoReturnable
[22:26:43] [main/DEBUG] (FabricLoader/Mixin) fabric-resource-loader-v1.mixins.json:PackRepositoryMixin from mod fabric-resource-loader-v1->@Inject::handleAutoEnable(Ljava/lang/String;Lorg/spongepowered/asm/mixin/injection/callback/CallbackInfoReturnable;)V has 0 override(s) in child classes
[22:26:43] [main/DEBUG] (FabricLoader/Mixin) fabric-resource-loader-v1.mixins.json:PackRepositoryMixin from mod fabric-resource-loader-v1->@Inject::handleAutoEnable(Ljava/lang/String;Lorg/spongepowered/asm/mixin/injection/callback/CallbackInfoReturnable;)V won't be passed a CallbackInfoReturnable as a result
[22:26:43] [main/DEBUG] (FabricLoader/Mixin) fabric-resource-loader-v1.mixins.json:PackRepositoryMixin from mod fabric-resource-loader-v1->@Inject::handleAutoDisable(Ljava/lang/String;Lorg/spongepowered/asm/mixin/injection/callback/CallbackInfoReturnable;)V doesn't use it's CallbackInfoReturnable
[22:26:43] [main/DEBUG] (FabricLoader/Mixin) fabric-resource-loader-v1.mixins.json:PackRepositoryMixin from mod fabric-resource-loader-v1->@Inject::handleAutoDisable(Ljava/lang/String;Lorg/spongepowered/asm/mixin/injection/callback/CallbackInfoReturnable;)V has 0 override(s) in child classes
[22:26:43] [main/DEBUG] (FabricLoader/Mixin) fabric-resource-loader-v1.mixins.json:PackRepositoryMixin from mod fabric-resource-loader-v1->@Inject::handleAutoDisable(Ljava/lang/String;Lorg/spongepowered/asm/mixin/injection/callback/CallbackInfoReturnable;)V won't be passed a CallbackInfoReturnable as a result
[22:26:44] [main/DEBUG] (FabricLoader/Mixin) Mixing ReloadableServerResourcesMixin from fabric-tag-api-v1.mixins.json into net.minecraft.server.ReloadableServerResources
[22:26:44] [main/DEBUG] (FabricLoader/Mixin) Mixing ReloadableServerResourcesMixin from fabric-lifecycle-events-v1.mixins.json into net.minecraft.server.ReloadableServerResources
[22:26:44] [main/DEBUG] (FabricLoader/Mixin) Mixing ReloadableServerResourcesMixin from fabric-resource-conditions-api-v1.mixins.json into net.minecraft.server.ReloadableServerResources
[22:26:44] [main/DEBUG] (FabricLoader/Mixin) Mixing ReloadableServerResourcesMixin from fabric-resource-loader-v1.mixins.json into net.minecraft.server.ReloadableServerResources
[22:26:44] [main/DEBUG] (FabricLoader/Mixin) fabric-tag-api-v1.mixins.json:ReloadableServerResourcesMixin from mod fabric-tag-api-v1->@Inject::storeDynamicRegistries(Lnet/minecraft/server/ReloadableServerRegistries$LoadResult;Lnet/minecraft/world/flag/FeatureFlagSet;Lnet/minecraft/commands/Commands$CommandSelection;Ljava/util/List;Lnet/minecraft/server/permissions/PermissionSet;Ljava/util/List;Lorg/spongepowered/asm/mixin/injection/callback/CallbackInfo;)V doesn't use it's CallbackInfo
[22:26:44] [main/DEBUG] (FabricLoader/Mixin) fabric-tag-api-v1.mixins.json:ReloadableServerResourcesMixin from mod fabric-tag-api-v1->@Inject::storeDynamicRegistries(Lnet/minecraft/server/ReloadableServerRegistries$LoadResult;Lnet/minecraft/world/flag/FeatureFlagSet;Lnet/minecraft/commands/Commands$CommandSelection;Ljava/util/List;Lnet/minecraft/server/permissions/PermissionSet;Ljava/util/List;Lorg/spongepowered/asm/mixin/injection/callback/CallbackInfo;)V has 0 override(s) in child classes
[22:26:44] [main/DEBUG] (FabricLoader/Mixin) fabric-tag-api-v1.mixins.json:ReloadableServerResourcesMixin from mod fabric-tag-api-v1->@Inject::storeDynamicRegistries(Lnet/minecraft/server/ReloadableServerRegistries$LoadResult;Lnet/minecraft/world/flag/FeatureFlagSet;Lnet/minecraft/commands/Commands$CommandSelection;Ljava/util/List;Lnet/minecraft/server/permissions/PermissionSet;Ljava/util/List;Lorg/spongepowered/asm/mixin/injection/callback/CallbackInfo;)V won't be passed a CallbackInfo as a result
[22:26:44] [main/DEBUG] (FabricLoader/Mixin) fabric-tag-api-v1.mixins.json:ReloadableServerResourcesMixin from mod fabric-tag-api-v1->@Inject::applyDynamicTagAliases(Lorg/spongepowered/asm/mixin/injection/callback/CallbackInfo;)V doesn't use it's CallbackInfo
[22:26:44] [main/DEBUG] (FabricLoader/Mixin) fabric-tag-api-v1.mixins.json:ReloadableServerResourcesMixin from mod fabric-tag-api-v1->@Inject::applyDynamicTagAliases(Lorg/spongepowered/asm/mixin/injection/callback/CallbackInfo;)V has 0 override(s) in child classes
[22:26:44] [main/DEBUG] (FabricLoader/Mixin) fabric-tag-api-v1.mixins.json:ReloadableServerResourcesMixin from mod fabric-tag-api-v1->@Inject::applyDynamicTagAliases(Lorg/spongepowered/asm/mixin/injection/callback/CallbackInfo;)V won't be passed a CallbackInfo as a result
[22:26:44] [main/DEBUG] (FabricLoader/Mixin) fabric-lifecycle-events-v1.mixins.json:ReloadableServerResourcesMixin from mod fabric-lifecycle-events-v1->@Inject::init(Lnet/minecraft/server/ReloadableServerRegistries$LoadResult;Lnet/minecraft/world/flag/FeatureFlagSet;Lnet/minecraft/commands/Commands$CommandSelection;Ljava/util/List;Lnet/minecraft/server/permissions/PermissionSet;Ljava/util/List;Lorg/spongepowered/asm/mixin/injection/callback/CallbackInfo;)V doesn't use it's CallbackInfo
[22:26:44] [main/DEBUG] (FabricLoader/Mixin) fabric-lifecycle-events-v1.mixins.json:ReloadableServerResourcesMixin from mod fabric-lifecycle-events-v1->@Inject::init(Lnet/minecraft/server/ReloadableServerRegistries$LoadResult;Lnet/minecraft/world/flag/FeatureFlagSet;Lnet/minecraft/commands/Commands$CommandSelection;Ljava/util/List;Lnet/minecraft/server/permissions/PermissionSet;Ljava/util/List;Lorg/spongepowered/asm/mixin/injection/callback/CallbackInfo;)V has 0 override(s) in child classes
[22:26:44] [main/DEBUG] (FabricLoader/Mixin) fabric-lifecycle-events-v1.mixins.json:ReloadableServerResourcesMixin from mod fabric-lifecycle-events-v1->@Inject::init(Lnet/minecraft/server/ReloadableServerRegistries$LoadResult;Lnet/minecraft/world/flag/FeatureFlagSet;Lnet/minecraft/commands/Commands$CommandSelection;Ljava/util/List;Lnet/minecraft/server/permissions/PermissionSet;Ljava/util/List;Lorg/spongepowered/asm/mixin/injection/callback/CallbackInfo;)V won't be passed a CallbackInfo as a result
[22:26:44] [main/DEBUG] (FabricLoader/Mixin) fabric-lifecycle-events-v1.mixins.json:ReloadableServerResourcesMixin from mod fabric-lifecycle-events-v1->@Inject::hookRefresh(Lorg/spongepowered/asm/mixin/injection/callback/CallbackInfo;)V doesn't use it's CallbackInfo
[22:26:44] [main/DEBUG] (FabricLoader/Mixin) fabric-lifecycle-events-v1.mixins.json:ReloadableServerResourcesMixin from mod fabric-lifecycle-events-v1->@Inject::hookRefresh(Lorg/spongepowered/asm/mixin/injection/callback/CallbackInfo;)V has 0 override(s) in child classes
[22:26:44] [main/DEBUG] (FabricLoader/Mixin) fabric-lifecycle-events-v1.mixins.json:ReloadableServerResourcesMixin from mod fabric-lifecycle-events-v1->@Inject::hookRefresh(Lorg/spongepowered/asm/mixin/injection/callback/CallbackInfo;)V won't be passed a CallbackInfo as a result
[22:26:44] [main/DEBUG] (FabricLoader/Mixin) fabric-resource-conditions-api-v1.mixins.json:ReloadableServerResourcesMixin from mod fabric-resource-conditions-api-v1->@Inject::hookReload(Lnet/minecraft/server/packs/resources/ResourceManager;Lnet/minecraft/core/LayeredRegistryAccess;Ljava/util/List;Lnet/minecraft/world/flag/FeatureFlagSet;Lnet/minecraft/commands/Commands$CommandSelection;Lnet/minecraft/server/permissions/PermissionSet;Ljava/util/concurrent/Executor;Ljava/util/concurrent/Executor;Lorg/spongepowered/asm/mixin/injection/callback/CallbackInfoReturnable;)V doesn't use it's CallbackInfoReturnable
[22:26:44] [main/DEBUG] (FabricLoader/Mixin) Mixing WorldLoaderMixin from fabric-registry-sync-v0.mixins.json into net.minecraft.server.WorldLoader
[22:26:44] [main/DEBUG] (FabricLoader/Mixin) Mixing ServerPlayerGameModeMixin from fabric-events-interaction-v0.mixins.json into net.minecraft.server.level.ServerPlayerGameMode
[22:26:44] [main/DEBUG] (FabricLoader/Mixin) fabric-events-interaction-v0.mixins.json:ServerPlayerGameModeMixin from mod fabric-events-interaction-v0->@Inject::startBlockBreak(Lnet/minecraft/core/BlockPos;Lnet/minecraft/network/protocol/game/ServerboundPlayerActionPacket$Action;Lnet/minecraft/core/Direction;IILorg/spongepowered/asm/mixin/injection/callback/CallbackInfo;)V does use it's CallbackInfo
[22:26:44] [main/DEBUG] (FabricLoader/Mixin) fabric-events-interaction-v0.mixins.json:ServerPlayerGameModeMixin from mod fabric-events-interaction-v0->@Inject::interactBlock(Lnet/minecraft/server/level/ServerPlayer;Lnet/minecraft/world/level/Level;Lnet/minecraft/world/item/ItemStack;Lnet/minecraft/world/InteractionHand;Lnet/minecraft/world/phys/BlockHitResult;Lorg/spongepowered/asm/mixin/injection/callback/CallbackInfoReturnable;)V does use it's CallbackInfoReturnable
[22:26:44] [main/DEBUG] (FabricLoader/Mixin) fabric-events-interaction-v0.mixins.json:ServerPlayerGameModeMixin from mod fabric-events-interaction-v0->@Inject::interactItem(Lnet/minecraft/server/level/ServerPlayer;Lnet/minecraft/world/level/Level;Lnet/minecraft/world/item/ItemStack;Lnet/minecraft/world/InteractionHand;Lorg/spongepowered/asm/mixin/injection/callback/CallbackInfoReturnable;)V does use it's CallbackInfoReturnable
[22:26:44] [main/DEBUG] (FabricLoader/Mixin) fabric-events-interaction-v0.mixins.json:ServerPlayerGameModeMixin from mod fabric-events-interaction-v0->@Inject::breakBlock(Lnet/minecraft/core/BlockPos;Lorg/spongepowered/asm/mixin/injection/callback/CallbackInfoReturnable;)V does use it's CallbackInfoReturnable
[22:26:44] [main/DEBUG] (FabricLoader/Mixin) fabric-events-interaction-v0.mixins.json:ServerPlayerGameModeMixin from mod fabric-events-interaction-v0->@Inject::onBlockBroken(Lnet/minecraft/core/BlockPos;Lorg/spongepowered/asm/mixin/injection/callback/CallbackInfoReturnable;)V doesn't use it's CallbackInfoReturnable
[22:26:44] [main/DEBUG] (FabricLoader/Mixin) fabric-events-interaction-v0.mixins.json:ServerPlayerGameModeMixin from mod fabric-events-interaction-v0->@Inject::onBlockBroken(Lnet/minecraft/core/BlockPos;Lorg/spongepowered/asm/mixin/injection/callback/CallbackInfoReturnable;)V has 0 override(s) in child classes
[22:26:44] [main/DEBUG] (FabricLoader/Mixin) fabric-events-interaction-v0.mixins.json:ServerPlayerGameModeMixin from mod fabric-events-interaction-v0->@Inject::onBlockBroken(Lnet/minecraft/core/BlockPos;Lorg/spongepowered/asm/mixin/injection/callback/CallbackInfoReturnable;)V won't be passed a CallbackInfoReturnable as a result
[22:26:44] [main/DEBUG] (net.fabricmc.fabric.impl.resource.pack.ModPackResourcesUtil) [Fabric] Starting internal pack sorting with: [fabric-convention-tags-v2, fabric-gametest-api-v1]
[22:26:44] [main/DEBUG] (net.fabricmc.fabric.impl.resource.pack.ModPackResourcesUtil) [Fabric] Removed all internal packs, result: []
[22:26:44] [main/DEBUG] (net.fabricmc.fabric.impl.resource.pack.ModPackResourcesUtil) [Fabric] Final sorting result: []
[22:26:44] [main/DEBUG] (net.fabricmc.fabric.impl.resource.pack.ModPackResourcesUtil) [Fabric] Starting internal pack sorting with: [vanilla, fabric-convention-tags-v2, fabric-gametest-api-v1]
[22:26:44] [main/DEBUG] (net.fabricmc.fabric.impl.resource.pack.ModPackResourcesUtil) [Fabric] Removed all internal packs, result: [vanilla]
[22:26:44] [main/DEBUG] (net.fabricmc.fabric.impl.resource.pack.ModPackResourcesUtil) [Fabric] cur @ vanilla, auto-enabled fabric-convention-tags-v2, currently enabled: [vanilla, fabric-convention-tags-v2]
[22:26:44] [main/DEBUG] (net.fabricmc.fabric.impl.resource.pack.ModPackResourcesUtil) [Fabric] cur @ vanilla, auto-enabled fabric-gametest-api-v1, currently enabled: [vanilla, fabric-convention-tags-v2, fabric-gametest-api-v1]
[22:26:44] [main/DEBUG] (net.fabricmc.fabric.impl.resource.pack.ModPackResourcesUtil) [Fabric] Final sorting result: [vanilla, fabric-convention-tags-v2, fabric-gametest-api-v1]
[22:26:44] [main/DEBUG] (FabricLoader/Mixin) Mixing MultiPackResourceManagerMixin from fabric-resource-loader-v1.mixins.json into net.minecraft.server.packs.resources.MultiPackResourceManager
[22:26:44] [main/DEBUG] (FabricLoader/Mixin) fabric-resource-loader-v1.mixins.json:MultiPackResourceManagerMixin from mod fabric-resource-loader-v1->@Inject::init(Lnet/minecraft/server/packs/PackType;Ljava/util/List;Lorg/spongepowered/asm/mixin/injection/callback/CallbackInfo;)V doesn't use it's CallbackInfo
[22:26:44] [main/DEBUG] (FabricLoader/Mixin) fabric-resource-loader-v1.mixins.json:MultiPackResourceManagerMixin from mod fabric-resource-loader-v1->@Inject::init(Lnet/minecraft/server/packs/PackType;Ljava/util/List;Lorg/spongepowered/asm/mixin/injection/callback/CallbackInfo;)V has 0 override(s) in child classes
[22:26:44] [main/DEBUG] (FabricLoader/Mixin) fabric-resource-loader-v1.mixins.json:MultiPackResourceManagerMixin from mod fabric-resource-loader-v1->@Inject::init(Lnet/minecraft/server/packs/PackType;Ljava/util/List;Lorg/spongepowered/asm/mixin/injection/callback/CallbackInfo;)V won't be passed a CallbackInfo as a result
[22:26:44] [Worker-Main-1/DEBUG] (FabricLoader/Mixin) Mixing modification.RegistryAccessImmutableRegistryAccessMixin from fabric-biome-api-v1.mixins.json into net.minecraft.core.RegistryAccess$ImmutableRegistryAccess
[22:26:44] [Worker-Main-1/DEBUG] (FabricLoader/Mixin) Mixing RegistryAccessImmutableRegistryAccessMixin from fabric-dimensions-v1.mixins.json into net.minecraft.core.RegistryAccess$ImmutableRegistryAccess
[22:26:44] [Worker-Main-1/DEBUG] (FabricLoader/Mixin) Mixing TagLoaderMixin from fabric-tag-api-v1.mixins.json into net.minecraft.tags.TagLoader
[22:26:44] [Worker-Main-1/DEBUG] (FabricLoader/Mixin) Renaming synthetic method lambda$scopeIdToTryBuildTag$0(Lcom/llamalad7/mixinextras/injector/wrapoperation/Operation;Lnet/minecraft/tags/TagLoader;Lnet/minecraft/tags/TagEntry$Lookup;Ljava/util/List;)Lcom/mojang/datafixers/util/Either; to md7d4938$fabric-tag-api-v1$lambda$scopeIdToTryBuildTag$0$0 in fabric-tag-api-v1.mixins.json:TagLoaderMixin from mod fabric-tag-api-v1
[22:26:44] [Worker-Main-1/DEBUG] (FabricLoader/Mixin) fabric-tag-api-v1.mixins.json:TagLoaderMixin from mod fabric-tag-api-v1->@Inject::removeTagRemovalReferenceOnReplace(Lnet/minecraft/server/packs/resources/ResourceManager;Lorg/spongepowered/asm/mixin/injection/callback/CallbackInfoReturnable;)V doesn't use it's CallbackInfoReturnable
[22:26:44] [Worker-Main-1/DEBUG] (FabricLoader/Mixin) fabric-tag-api-v1.mixins.json:TagLoaderMixin from mod fabric-tag-api-v1->@Inject::removeTagRemovalReferenceOnReplace(Lnet/minecraft/server/packs/resources/ResourceManager;Lorg/spongepowered/asm/mixin/injection/callback/CallbackInfoReturnable;)V has 0 override(s) in child classes
[22:26:44] [Worker-Main-1/DEBUG] (FabricLoader/Mixin) fabric-tag-api-v1.mixins.json:TagLoaderMixin from mod fabric-tag-api-v1->@Inject::removeTagRemovalReferenceOnReplace(Lnet/minecraft/server/packs/resources/ResourceManager;Lorg/spongepowered/asm/mixin/injection/callback/CallbackInfoReturnable;)V won't be passed a CallbackInfoReturnable as a result
[22:26:44] [Worker-Main-1/DEBUG] (FabricLoader/Mixin) fabric-tag-api-v1.mixins.json:TagLoaderMixin from mod fabric-tag-api-v1->@Inject::loadRemoveEntries(Lnet/minecraft/server/packs/resources/ResourceManager;Lorg/spongepowered/asm/mixin/injection/callback/CallbackInfoReturnable;)V doesn't use it's CallbackInfoReturnable
[22:26:44] [Worker-Main-1/DEBUG] (FabricLoader/Mixin) fabric-tag-api-v1.mixins.json:TagLoaderMixin from mod fabric-tag-api-v1->@Inject::loadRemoveEntries(Lnet/minecraft/server/packs/resources/ResourceManager;Lorg/spongepowered/asm/mixin/injection/callback/CallbackInfoReturnable;)V has 0 override(s) in child classes
[22:26:44] [Worker-Main-1/DEBUG] (FabricLoader/Mixin) fabric-tag-api-v1.mixins.json:TagLoaderMixin from mod fabric-tag-api-v1->@Inject::loadRemoveEntries(Lnet/minecraft/server/packs/resources/ResourceManager;Lorg/spongepowered/asm/mixin/injection/callback/CallbackInfoReturnable;)V won't be passed a CallbackInfoReturnable as a result
[22:26:44] [Worker-Main-1/DEBUG] (FabricLoader/Mixin) fabric-tag-api-v1.mixins.json:TagLoaderMixin from mod fabric-tag-api-v1->@Inject::removeTagRemovalReferencesWhenFinished(Ljava/util/Map;Lorg/spongepowered/asm/mixin/injection/callback/CallbackInfoReturnable;)V doesn't use it's CallbackInfoReturnable
[22:26:44] [Worker-Main-1/DEBUG] (FabricLoader/Mixin) fabric-tag-api-v1.mixins.json:TagLoaderMixin from mod fabric-tag-api-v1->@Inject::removeTagRemovalReferencesWhenFinished(Ljava/util/Map;Lorg/spongepowered/asm/mixin/injection/callback/CallbackInfoReturnable;)V has 0 override(s) in child classes
[22:26:44] [Worker-Main-1/DEBUG] (FabricLoader/Mixin) fabric-tag-api-v1.mixins.json:TagLoaderMixin from mod fabric-tag-api-v1->@Inject::removeTagRemovalReferencesWhenFinished(Ljava/util/Map;Lorg/spongepowered/asm/mixin/injection/callback/CallbackInfoReturnable;)V won't be passed a CallbackInfoReturnable as a result
[22:26:44] [Worker-Main-1/DEBUG] (FabricLoader/Mixin) Mixing ResourceMixin from fabric-resource-loader-v1.mixins.json into net.minecraft.server.packs.resources.Resource
[22:26:44] [Worker-Main-1/DEBUG] (FabricLoader/Mixin) Mixing TagFileMixin from fabric-tag-api-v1.mixins.json into net.minecraft.tags.TagFile
[22:26:44] [Worker-Main-1/DEBUG] (FabricLoader/Mixin) Mixing TagEntryAccessor from fabric-tag-api-v1.mixins.json into net.minecraft.tags.TagEntry
[22:26:44] [Worker-Main-1/DEBUG] (FabricLoader/Mixin) Mixing MappedRegistry2Mixin from fabric-tag-api-v1.mixins.json into net.minecraft.core.MappedRegistry$2
[22:26:44] [Worker-Main-1/DEBUG] (FabricLoader/Mixin) Mixing MappedRegistry3Mixin from fabric-tag-api-v1.mixins.json into net.minecraft.core.MappedRegistry$3
[22:26:44] [Worker-Main-1/DEBUG] (FabricLoader/Mixin) fabric-tag-api-v1.mixins.json:MappedRegistry3Mixin from mod fabric-tag-api-v1->@Inject::applyTagAliases(Lorg/spongepowered/asm/mixin/injection/callback/CallbackInfo;)V doesn't use it's CallbackInfo
[22:26:44] [Worker-Main-1/DEBUG] (FabricLoader/Mixin) fabric-tag-api-v1.mixins.json:MappedRegistry3Mixin from mod fabric-tag-api-v1->@Inject::applyTagAliases(Lorg/spongepowered/asm/mixin/injection/callback/CallbackInfo;)V has 0 override(s) in child classes
[22:26:44] [Worker-Main-1/DEBUG] (FabricLoader/Mixin) fabric-tag-api-v1.mixins.json:MappedRegistry3Mixin from mod fabric-tag-api-v1->@Inject::applyTagAliases(Lorg/spongepowered/asm/mixin/injection/callback/CallbackInfo;)V won't be passed a CallbackInfo as a result
[22:26:44] [Worker-Main-1/DEBUG] (FabricLoader/Mixin) Mixing RegistryDataLoaderMixin from fabric-registry-sync-v0.mixins.json into net.minecraft.resources.RegistryDataLoader
[22:26:44] [Worker-Main-1/DEBUG] (FabricLoader/Mixin) Renaming synthetic method lambda$thenApplyAsync$0(ZLjava/util/function/Function;Ljava/lang/Void;)Lnet/minecraft/core/RegistryAccess$Frozen; to md7d4938$fabric-registry-sync-v0$lambda$thenApplyAsync$0$0 in fabric-registry-sync-v0.mixins.json:RegistryDataLoaderMixin from mod fabric-registry-sync-v0
[22:26:44] [Worker-Main-1/DEBUG] (FabricLoader/Mixin) Renaming synthetic method lambda$thenApplyAsync$1(Ljava/util/function/Function;Ljava/lang/Void;)Lnet/minecraft/core/RegistryAccess$Frozen; to md7d4938$fabric-registry-sync-v0$lambda$thenApplyAsync$1$1 in fabric-registry-sync-v0.mixins.json:RegistryDataLoaderMixin from mod fabric-registry-sync-v0
[22:26:44] [Worker-Main-1/DEBUG] (FabricLoader/Mixin) Renaming synthetic method lambda$supplyAsync$0(ZLjava/util/function/Supplier;)Ljava/util/concurrent/CompletableFuture; to md7d4938$fabric-registry-sync-v0$lambda$supplyAsync$0$2 in fabric-registry-sync-v0.mixins.json:RegistryDataLoaderMixin from mod fabric-registry-sync-v0
[22:26:44] [Worker-Main-1/DEBUG] (FabricLoader/Mixin) Renaming synthetic method lambda$wrapIsServerCall$0(Lcom/llamalad7/mixinextras/injector/wrapoperation/Operation;Ljava/lang/Object;Ljava/util/List;Ljava/util/List;Ljava/util/concurrent/Executor;)Ljava/util/concurrent/CompletableFuture; to md7d4938$fabric-registry-sync-v0$lambda$wrapIsServerCall$0$3 in fabric-registry-sync-v0.mixins.json:RegistryDataLoaderMixin from mod fabric-registry-sync-v0
[22:26:44] [Worker-Main-1/DEBUG] (FabricLoader/Mixin) Mixing RegistryDataLoaderMixin from fabric-gametest-api-v1.mixins.json into net.minecraft.resources.RegistryDataLoader
[22:26:44] [Worker-Main-1/DEBUG] (FabricLoader/Mixin) Renaming synthetic method lambda$loadFromResources$0(Lnet/minecraft/resources/RegistryDataLoader$RegistryData;)Z to md7d4938$fabric-gametest-api-v1$lambda$loadFromResources$0$4 in fabric-gametest-api-v1.mixins.json:RegistryDataLoaderMixin from mod fabric-gametest-api-v1
[22:26:44] [Worker-Main-1/DEBUG] (FabricLoader/Mixin) fabric-gametest-api-v1.mixins.json:RegistryDataLoaderMixin from mod fabric-gametest-api-v1->@Inject::loadFromResources(Lnet/minecraft/server/packs/resources/ResourceManager;Ljava/util/List;Ljava/util/List;Ljava/util/concurrent/Executor;Lorg/spongepowered/asm/mixin/injection/callback/CallbackInfoReturnable;)V doesn't use it's CallbackInfoReturnable
[22:26:44] [Worker-Main-1/DEBUG] (FabricLoader/Mixin) fabric-gametest-api-v1.mixins.json:RegistryDataLoaderMixin from mod fabric-gametest-api-v1->@Inject::beforeFreeze(Ljava/util/List;Ljava/util/Map;Ljava/lang/Void;Lorg/spongepowered/asm/mixin/injection/callback/CallbackInfoReturnable;)V doesn't use it's CallbackInfoReturnable
[22:26:44] [Worker-Main-1/DEBUG] (FabricLoader/Mixin) Mixing ResourceManagerRegistryLoadTaskMixin from fabric-item-api-v1.mixins.json into net.minecraft.resources.ResourceManagerRegistryLoadTask
[22:26:44] [Worker-Main-1/DEBUG] (FabricLoader/Mixin) Mixing ResourceManagerRegistryLoadTaskMixin from fabric-loot-api-v3.mixins.json into net.minecraft.resources.ResourceManagerRegistryLoadTask
[22:26:44] [Worker-Main-1/DEBUG] (FabricLoader/Mixin) Renaming synthetic method lambda$modifyLootTable$0(Lnet/minecraft/resources/ResourceKey;Lnet/minecraft/server/packs/resources/Resource;Lnet/fabricmc/fabric/impl/loot/LootTableHolderProvider;Ljava/lang/Object;)Ljava/lang/Object; to md7d4938$fabric-loot-api-v3$lambda$modifyLootTable$0$0 in fabric-loot-api-v3.mixins.json:ResourceManagerRegistryLoadTaskMixin from mod fabric-loot-api-v3
[22:26:44] [Worker-Main-1/DEBUG] (FabricLoader/Mixin) Mixing ResourceManagerRegistryLoadTaskMixin from fabric-resource-conditions-api-v1.mixins.json into net.minecraft.resources.ResourceManagerRegistryLoadTask
[22:26:44] [Worker-Main-1/DEBUG] (FabricLoader/Mixin) fabric-item-api-v1.mixins.json:ResourceManagerRegistryLoadTaskMixin from mod fabric-item-api-v1->@Inject::captureRegistries(Lnet/minecraft/resources/RegistryOps$RegistryInfoLookup;Ljava/util/concurrent/Executor;Lorg/spongepowered/asm/mixin/injection/callback/CallbackInfoReturnable;)V doesn't use it's CallbackInfoReturnable
[22:26:44] [Worker-Main-1/DEBUG] (FabricLoader/Mixin) fabric-item-api-v1.mixins.json:ResourceManagerRegistryLoadTaskMixin from mod fabric-item-api-v1->@Inject::captureRegistries(Lnet/minecraft/resources/RegistryOps$RegistryInfoLookup;Ljava/util/concurrent/Executor;Lorg/spongepowered/asm/mixin/injection/callback/CallbackInfoReturnable;)V has 0 override(s) in child classes
[22:26:44] [Worker-Main-1/DEBUG] (FabricLoader/Mixin) fabric-item-api-v1.mixins.json:ResourceManagerRegistryLoadTaskMixin from mod fabric-item-api-v1->@Inject::captureRegistries(Lnet/minecraft/resources/RegistryOps$RegistryInfoLookup;Ljava/util/concurrent/Executor;Lorg/spongepowered/asm/mixin/injection/callback/CallbackInfoReturnable;)V won't be passed a CallbackInfoReturnable as a result
[22:26:44] [Worker-Main-11/DEBUG] (FabricLoader/Mixin) Mixing RegistryLoadTaskPendingRegistrationMixin from fabric-resource-conditions-api-v1.mixins.json into net.minecraft.resources.RegistryLoadTask$PendingRegistration
[22:26:44] [Worker-Main-11/DEBUG] (FabricLoader/Mixin) fabric-resource-conditions-api-v1.mixins.json:RegistryLoadTaskPendingRegistrationMixin from mod fabric-resource-conditions-api-v1->@Inject::loadFromResource(Lcom/mojang/serialization/Decoder;Lnet/minecraft/resources/RegistryOps;Lnet/minecraft/resources/ResourceKey;Lnet/minecraft/server/packs/resources/Resource;Lorg/spongepowered/asm/mixin/injection/callback/CallbackInfoReturnable;)V does use it's CallbackInfoReturnable
[22:26:44] [Worker-Main-4/DEBUG] (FabricLoader/Mixin) Mixing EnchantmentBuilderAccessor from fabric-item-api-v1.mixins.json into net.minecraft.world.item.enchantment.Enchantment$Builder
[22:26:44] [Worker-Main-4/DEBUG] (FabricLoader/Mixin) Mixing EnchantmentBuilderMixin from fabric-item-api-v1.mixins.json into net.minecraft.world.item.enchantment.Enchantment$Builder
[22:26:44] [Worker-Main-4/DEBUG] (FabricLoader/Mixin) fabric-item-api-v1.mixins.json:EnchantmentBuilderMixin from mod fabric-item-api-v1->@Inject::markModified(Lorg/spongepowered/asm/mixin/injection/callback/CallbackInfoReturnable;)V does use it's CallbackInfo
[22:26:44] [Worker-Main-4/DEBUG] (FabricLoader/Mixin) fabric-item-api-v1.mixins.json:EnchantmentBuilderMixin from mod fabric-item-api-v1->@Inject::markModified(Lorg/spongepowered/asm/mixin/injection/callback/CallbackInfoReturnable;)V does use it's CallbackInfoReturnable
[22:26:44] [Worker-Main-4/DEBUG] (FabricLoader/Mixin) fabric-item-api-v1.mixins.json:EnchantmentBuilderMixin from mod fabric-item-api-v1->@Inject::markModified(Lorg/spongepowered/asm/mixin/injection/callback/CallbackInfoReturnable;)V does use it's CallbackInfoReturnable
[22:26:44] [Worker-Main-4/DEBUG] (FabricLoader/Mixin) fabric-item-api-v1.mixins.json:EnchantmentBuilderMixin from mod fabric-item-api-v1->@Inject::markModified(Lorg/spongepowered/asm/mixin/injection/callback/CallbackInfoReturnable;)V does use it's CallbackInfoReturnable
[22:26:44] [Worker-Main-4/DEBUG] (FabricLoader/Mixin) fabric-item-api-v1.mixins.json:EnchantmentBuilderMixin from mod fabric-item-api-v1->@Inject::markModified(Lorg/spongepowered/asm/mixin/injection/callback/CallbackInfoReturnable;)V does use it's CallbackInfoReturnable
[22:26:44] [Worker-Main-4/DEBUG] (FabricLoader/Mixin) fabric-item-api-v1.mixins.json:EnchantmentBuilderMixin from mod fabric-item-api-v1->@Inject::markModified(Lorg/spongepowered/asm/mixin/injection/callback/CallbackInfoReturnable;)V does use it's CallbackInfoReturnable
[22:26:44] [Worker-Main-4/DEBUG] (FabricLoader/Mixin) fabric-item-api-v1.mixins.json:EnchantmentBuilderMixin from mod fabric-item-api-v1->@Inject::markModified(Lorg/spongepowered/asm/mixin/injection/callback/CallbackInfoReturnable;)V does use it's CallbackInfoReturnable
[22:26:44] [Worker-Main-4/DEBUG] (FabricLoader/Mixin) fabric-item-api-v1.mixins.json:EnchantmentBuilderMixin from mod fabric-item-api-v1->@Inject::markModified(Lorg/spongepowered/asm/mixin/injection/callback/CallbackInfoReturnable;)V does use it's CallbackInfoReturnable
[22:26:44] [Worker-Main-4/DEBUG] (FabricLoader/Mixin) fabric-item-api-v1.mixins.json:EnchantmentBuilderMixin from mod fabric-item-api-v1->@Inject::markModified(Lorg/spongepowered/asm/mixin/injection/callback/CallbackInfoReturnable;)V does use it's CallbackInfoReturnable
[22:26:44] [Worker-Main-4/DEBUG] (FabricLoader/Mixin) fabric-item-api-v1.mixins.json:EnchantmentBuilderMixin from mod fabric-item-api-v1->@Inject::markModified(Lorg/spongepowered/asm/mixin/injection/callback/CallbackInfoReturnable;)V does use it's CallbackInfoReturnable
[22:26:44] [Worker-Main-4/DEBUG] (FabricLoader/Mixin) fabric-item-api-v1.mixins.json:EnchantmentBuilderMixin from mod fabric-item-api-v1->@Inject::markModified(Lorg/spongepowered/asm/mixin/injection/callback/CallbackInfoReturnable;)V does use it's CallbackInfoReturnable
[22:26:44] [Worker-Main-4/DEBUG] (FabricLoader/Mixin) fabric-item-api-v1.mixins.json:EnchantmentBuilderMixin from mod fabric-item-api-v1->@Inject::markModified(Lorg/spongepowered/asm/mixin/injection/callback/CallbackInfoReturnable;)V does use it's CallbackInfoReturnable
[22:26:44] [Worker-Main-21/INFO] (net.minecraft.server.Main) No existing world data, creating new world
[22:26:44] [Worker-Main-21/DEBUG] (FabricLoader/Mixin) Mixing WorldDimensionsMixin from fabric-dimensions-v1.mixins.json into net.minecraft.world.level.levelgen.WorldDimensions
[22:26:44] [Worker-Main-21/DEBUG] (FabricLoader/Mixin) Renaming synthetic method lambda$wrapBakeToProvideContext$0(Lcom/llamalad7/mixinextras/injector/wrapoperation/Operation;Lnet/minecraft/core/Registry;)Lnet/minecraft/world/level/levelgen/WorldDimensions$Complete; to md7d4938$fabric-dimensions-v1$lambda$wrapBakeToProvideContext$0$0 in fabric-dimensions-v1.mixins.json:WorldDimensionsMixin from mod fabric-dimensions-v1
[22:26:44] [Worker-Main-21/DEBUG] (FabricLoader/Mixin) fabric-dimensions-v1.mixins.json:WorldDimensionsMixin from mod fabric-dimensions-v1->@Inject::betterModdedStabilityCheck(Lnet/minecraft/resources/ResourceKey;Lnet/minecraft/world/level/dimension/LevelStem;Lorg/spongepowered/asm/mixin/injection/callback/CallbackInfoReturnable;)V does use it's CallbackInfoReturnable
[22:26:44] [Worker-Main-21/DEBUG] (FabricLoader/Mixin) Mixing ReloadableServerRegistriesMixin from fabric-loot-api-v3.mixins.json into net.minecraft.server.ReloadableServerRegistries
[22:26:44] [Worker-Main-21/DEBUG] (FabricLoader/Mixin) Renaming synthetic method lambda$modifyLootTables$2(Lnet/minecraft/server/packs/resources/ResourceManager;Lnet/minecraft/core/RegistryAccess$Frozen;Ljava/lang/Throwable;)V to md7d4938$fabric-loot-api-v3$lambda$modifyLootTables$2$0 in fabric-loot-api-v3.mixins.json:ReloadableServerRegistriesMixin from mod fabric-loot-api-v3
[22:26:44] [Worker-Main-21/DEBUG] (FabricLoader/Mixin) Renaming synthetic method lambda$modifyLootTables$0(Lnet/minecraft/server/packs/resources/ResourceManager;Lnet/minecraft/core/RegistryAccess$Frozen;)Lnet/minecraft/core/RegistryAccess$Frozen; to md7d4938$fabric-loot-api-v3$lambda$modifyLootTables$0$1 in fabric-loot-api-v3.mixins.json:ReloadableServerRegistriesMixin from mod fabric-loot-api-v3
[22:26:44] [Worker-Main-21/DEBUG] (FabricLoader/Mixin) Renaming synthetic method lambda$modifyLootTables$1(Lnet/minecraft/core/Holder$Reference;)V to md7d4938$fabric-loot-api-v3$lambda$modifyLootTables$1$2 in fabric-loot-api-v3.mixins.json:ReloadableServerRegistriesMixin from mod fabric-loot-api-v3
[22:26:44] [Worker-Main-21/DEBUG] (FabricLoader/Mixin) Mixing ReloadableServerRegistriesMixin from fabric-registry-sync-v0.mixins.json into net.minecraft.server.ReloadableServerRegistries
[22:26:44] [Worker-Main-10/DEBUG] (FabricLoader/Mixin) Mixing LootPoolAccessor from fabric-loot-api-v3.mixins.json into net.minecraft.world.level.storage.loot.LootPool
[22:26:44] [Worker-Main-18/DEBUG] (FabricLoader/Mixin) Mixing LootTableBuilderMixin from fabric-loot-api-v3.mixins.json into net.minecraft.world.level.storage.loot.LootTable$Builder
[22:26:44] [Minecraft Services Discovery/DEBUG] (com.mojang.authlib.minecraft.client.MinecraftClient) Connecting to https://api.minecraftservices.com/publickeys
[22:26:44] [Worker-Main-4/DEBUG] (FabricLoader/Mixin) Mixing DataComponentInitializersPendingComponentsMixin from fabric-item-api-v1.mixins.json into net.minecraft.core.component.DataComponentInitializers$1
[22:26:44] [Worker-Main-4/DEBUG] (FabricLoader/Mixin) fabric-item-api-v1.mixins.json:DataComponentInitializersPendingComponentsMixin from mod fabric-item-api-v1->@Inject::store(Lnet/minecraft/resources/ResourceKey;Ljava/util/List;Lorg/spongepowered/asm/mixin/injection/callback/CallbackInfo;)V doesn't use it's CallbackInfo
[22:26:44] [Worker-Main-4/DEBUG] (FabricLoader/Mixin) fabric-item-api-v1.mixins.json:DataComponentInitializersPendingComponentsMixin from mod fabric-item-api-v1->@Inject::store(Lnet/minecraft/resources/ResourceKey;Ljava/util/List;Lorg/spongepowered/asm/mixin/injection/callback/CallbackInfo;)V has 0 override(s) in child classes
[22:26:44] [Worker-Main-4/DEBUG] (FabricLoader/Mixin) fabric-item-api-v1.mixins.json:DataComponentInitializersPendingComponentsMixin from mod fabric-item-api-v1->@Inject::store(Lnet/minecraft/resources/ResourceKey;Ljava/util/List;Lorg/spongepowered/asm/mixin/injection/callback/CallbackInfo;)V won't be passed a CallbackInfo as a result
[22:26:44] [Worker-Main-4/DEBUG] (FabricLoader/Mixin) fabric-item-api-v1.mixins.json:DataComponentInitializersPendingComponentsMixin from mod fabric-item-api-v1->@Inject::apply(Lorg/spongepowered/asm/mixin/injection/callback/CallbackInfo;)V doesn't use it's CallbackInfo
[22:26:44] [Worker-Main-4/DEBUG] (FabricLoader/Mixin) fabric-item-api-v1.mixins.json:DataComponentInitializersPendingComponentsMixin from mod fabric-item-api-v1->@Inject::apply(Lorg/spongepowered/asm/mixin/injection/callback/CallbackInfo;)V has 0 override(s) in child classes
[22:26:44] [Worker-Main-4/DEBUG] (FabricLoader/Mixin) fabric-item-api-v1.mixins.json:DataComponentInitializersPendingComponentsMixin from mod fabric-item-api-v1->@Inject::apply(Lorg/spongepowered/asm/mixin/injection/callback/CallbackInfo;)V won't be passed a CallbackInfo as a result
[22:26:44] [Worker-Main-4/DEBUG] (FabricLoader/Mixin) Mixing RecipeManagerMixin from fabric-recipe-api-v1.mixins.json into net.minecraft.world.item.crafting.RecipeManager
[22:26:44] [Worker-Main-4/DEBUG] (FabricLoader/Mixin) Mixing sync.RecipeManagerAccessor from fabric-recipe-api-v1.mixins.json into net.minecraft.world.item.crafting.RecipeManager
[22:26:44] [Worker-Main-4/DEBUG] (FabricLoader/Mixin) fabric-recipe-api-v1.mixins.json:RecipeManagerMixin from mod fabric-recipe-api-v1->@Inject::updateSynchronizedRecipes(Lnet/minecraft/core/HolderLookup$Provider;Lorg/spongepowered/asm/mixin/injection/callback/CallbackInfo;)V doesn't use it's CallbackInfo
[22:26:44] [Worker-Main-4/DEBUG] (FabricLoader/Mixin) fabric-recipe-api-v1.mixins.json:RecipeManagerMixin from mod fabric-recipe-api-v1->@Inject::updateSynchronizedRecipes(Lnet/minecraft/core/HolderLookup$Provider;Lorg/spongepowered/asm/mixin/injection/callback/CallbackInfo;)V has 0 override(s) in child classes
[22:26:44] [Worker-Main-4/DEBUG] (FabricLoader/Mixin) fabric-recipe-api-v1.mixins.json:RecipeManagerMixin from mod fabric-recipe-api-v1->@Inject::updateSynchronizedRecipes(Lnet/minecraft/core/HolderLookup$Provider;Lorg/spongepowered/asm/mixin/injection/callback/CallbackInfo;)V won't be passed a CallbackInfo as a result
[22:26:44] [Worker-Main-4/DEBUG] (FabricLoader/Mixin) Mixing RecipeAccessMixin from fabric-recipe-api-v1.mixins.json into net.minecraft.world.item.crafting.RecipeAccess
[22:26:44] [Worker-Main-4/DEBUG] (FabricLoader/Mixin) Mixing sync.RecipeMapMixin from fabric-recipe-api-v1.mixins.json into net.minecraft.world.item.crafting.RecipeMap
[22:26:44] [Worker-Main-4/DEBUG] (FabricLoader/Mixin) Mixing CommandsMixin from fabric-command-api-v2.mixins.json into net.minecraft.commands.Commands
[22:26:44] [Worker-Main-4/DEBUG] (FabricLoader/Mixin) Mixing CommandsMixin from fabric-networking-api-v1.mixins.json into net.minecraft.commands.Commands
[22:26:44] [Worker-Main-4/DEBUG] (FabricLoader/Mixin) fabric-command-api-v2.mixins.json:CommandsMixin from mod fabric-command-api-v2->@Inject::fabric_addCommands(Lnet/minecraft/commands/Commands$CommandSelection;Lnet/minecraft/commands/CommandBuildContext;Lorg/spongepowered/asm/mixin/injection/callback/CallbackInfo;)V doesn't use it's CallbackInfo
[22:26:44] [Worker-Main-4/DEBUG] (FabricLoader/Mixin) fabric-command-api-v2.mixins.json:CommandsMixin from mod fabric-command-api-v2->@Inject::fabric_addCommands(Lnet/minecraft/commands/Commands$CommandSelection;Lnet/minecraft/commands/CommandBuildContext;Lorg/spongepowered/asm/mixin/injection/callback/CallbackInfo;)V has 0 override(s) in child classes
[22:26:44] [Worker-Main-4/DEBUG] (FabricLoader/Mixin) fabric-command-api-v2.mixins.json:CommandsMixin from mod fabric-command-api-v2->@Inject::fabric_addCommands(Lnet/minecraft/commands/Commands$CommandSelection;Lnet/minecraft/commands/CommandBuildContext;Lorg/spongepowered/asm/mixin/injection/callback/CallbackInfo;)V won't be passed a CallbackInfo as a result
[22:26:44] [Worker-Main-4/DEBUG] (FabricLoader/Mixin) fabric-networking-api-v1.mixins.json:CommandsMixin from mod fabric-networking-api-v1->@Inject::init(Lnet/minecraft/commands/Commands$CommandSelection;Lnet/minecraft/commands/CommandBuildContext;Lorg/spongepowered/asm/mixin/injection/callback/CallbackInfo;)V doesn't use it's CallbackInfo
[22:26:44] [Worker-Main-4/DEBUG] (FabricLoader/Mixin) fabric-networking-api-v1.mixins.json:CommandsMixin from mod fabric-networking-api-v1->@Inject::init(Lnet/minecraft/commands/Commands$CommandSelection;Lnet/minecraft/commands/CommandBuildContext;Lorg/spongepowered/asm/mixin/injection/callback/CallbackInfo;)V has 0 override(s) in child classes
[22:26:44] [Worker-Main-4/DEBUG] (FabricLoader/Mixin) fabric-networking-api-v1.mixins.json:CommandsMixin from mod fabric-networking-api-v1->@Inject::init(Lnet/minecraft/commands/Commands$CommandSelection;Lnet/minecraft/commands/CommandBuildContext;Lorg/spongepowered/asm/mixin/injection/callback/CallbackInfo;)V won't be passed a CallbackInfo as a result
[22:26:44] [Worker-Main-4/DEBUG] (FabricLoader/Mixin) Mixing CommandSourceStackMixin from fabric-permission-api-v1.mixins.json into net.minecraft.commands.CommandSourceStack
[22:26:44] [Worker-Main-4/DEBUG] (FabricLoader/Mixin) fabric-permission-api-v1.mixins.json:CommandSourceStackMixin from mod fabric-permission-api-v1->@Inject::storeOriginalSource(Lnet/minecraft/commands/CommandSource;Lnet/minecraft/world/phys/Vec3;Lnet/minecraft/world/phys/Vec2;Lnet/minecraft/server/level/ServerLevel;Lnet/minecraft/server/permissions/PermissionSet;Lnet/minecraft/commands/CommandSourceStack$NamesProvider;Lnet/minecraft/server/MinecraftServer;Lnet/minecraft/world/entity/Entity;Lorg/spongepowered/asm/mixin/injection/callback/CallbackInfo;)V doesn't use it's CallbackInfo
[22:26:44] [Worker-Main-4/DEBUG] (FabricLoader/Mixin) fabric-permission-api-v1.mixins.json:CommandSourceStackMixin from mod fabric-permission-api-v1->@Inject::storeOriginalSource(Lnet/minecraft/commands/CommandSource;Lnet/minecraft/world/phys/Vec3;Lnet/minecraft/world/phys/Vec2;Lnet/minecraft/server/level/ServerLevel;Lnet/minecraft/server/permissions/PermissionSet;Lnet/minecraft/commands/CommandSourceStack$NamesProvider;Lnet/minecraft/server/MinecraftServer;Lnet/minecraft/world/entity/Entity;Lorg/spongepowered/asm/mixin/injection/callback/CallbackInfo;)V has 0 override(s) in child classes
[22:26:44] [Worker-Main-4/DEBUG] (FabricLoader/Mixin) fabric-permission-api-v1.mixins.json:CommandSourceStackMixin from mod fabric-permission-api-v1->@Inject::storeOriginalSource(Lnet/minecraft/commands/CommandSource;Lnet/minecraft/world/phys/Vec3;Lnet/minecraft/world/phys/Vec2;Lnet/minecraft/server/level/ServerLevel;Lnet/minecraft/server/permissions/PermissionSet;Lnet/minecraft/commands/CommandSourceStack$NamesProvider;Lnet/minecraft/server/MinecraftServer;Lnet/minecraft/world/entity/Entity;Lorg/spongepowered/asm/mixin/injection/callback/CallbackInfo;)V won't be passed a CallbackInfo as a result
[22:26:44] [Worker-Main-4/DEBUG] (FabricLoader/Mixin) Mixing EntityDataAccessorMixin from fabric-data-attachment-api-v1.mixins.json into net.minecraft.server.commands.data.EntityDataAccessor
[22:26:44] [Worker-Main-4/DEBUG] (FabricLoader/Mixin) Renaming synthetic method lambda$setData$0(Lcom/llamalad7/mixinextras/injector/wrapoperation/Operation;Lnet/minecraft/world/entity/Entity;Lnet/minecraft/world/level/storage/ValueInput;)V to md7d4938$fabric-data-attachment-api-v1$lambda$setData$0$0 in fabric-data-attachment-api-v1.mixins.json:EntityDataAccessorMixin from mod fabric-data-attachment-api-v1
[22:26:44] [Worker-Main-4/DEBUG] (FabricLoader/Mixin) Mixing BlockDataAccessorMixin from fabric-data-attachment-api-v1.mixins.json into net.minecraft.server.commands.data.BlockDataAccessor
[22:26:44] [Worker-Main-4/DEBUG] (FabricLoader/Mixin) Renaming synthetic method lambda$setData$0(Lcom/llamalad7/mixinextras/injector/wrapoperation/Operation;Lnet/minecraft/world/level/block/entity/BlockEntity;Lnet/minecraft/world/level/storage/ValueInput;)V to md7d4938$fabric-data-attachment-api-v1$lambda$setData$0$0 in fabric-data-attachment-api-v1.mixins.json:BlockDataAccessorMixin from mod fabric-data-attachment-api-v1
[22:26:44] [Worker-Main-4/DEBUG] (FabricLoader/Mixin) Mixing DataPackCommandMixin from fabric-resource-loader-v1.mixins.json into net.minecraft.server.commands.DataPackCommand
[22:26:44] [Worker-Main-4/DEBUG] (FabricLoader/Mixin) Renaming synthetic method lambda$filterDisabledPackSuggestions$0(Lnet/minecraft/server/packs/repository/Pack;)Z to md7d4938$fabric-resource-loader-v1$lambda$filterDisabledPackSuggestions$0$0 in fabric-resource-loader-v1.mixins.json:DataPackCommandMixin from mod fabric-resource-loader-v1
[22:26:44] [Worker-Main-4/DEBUG] (FabricLoader/Mixin) Renaming synthetic method lambda$filterEnabledPackSuggestions$0(Lnet/minecraft/server/packs/repository/Pack;)Z to md7d4938$fabric-resource-loader-v1$lambda$filterEnabledPackSuggestions$0$1 in fabric-resource-loader-v1.mixins.json:DataPackCommandMixin from mod fabric-resource-loader-v1
[22:26:44] [Worker-Main-4/DEBUG] (FabricLoader/Mixin) Renaming synthetic method lambda$static$0(Ljava/lang/Object;)Lcom/mojang/brigadier/Message; to md7d4938$fabric-resource-loader-v1$lambda$static$0$2 in fabric-resource-loader-v1.mixins.json:DataPackCommandMixin from mod fabric-resource-loader-v1
[22:26:44] [Worker-Main-4/DEBUG] (FabricLoader/Mixin) fabric-resource-loader-v1.mixins.json:DataPackCommandMixin from mod fabric-resource-loader-v1->@Inject::errorOnInternalPack(Lcom/mojang/brigadier/context/CommandContext;Ljava/lang/String;ZLorg/spongepowered/asm/mixin/injection/callback/CallbackInfoReturnable;)V doesn't use it's CallbackInfoReturnable
[22:26:44] [Worker-Main-4/DEBUG] (FabricLoader/Mixin) Mixing EnchantCommandMixin from fabric-item-api-v1.mixins.json into net.minecraft.server.commands.EnchantCommand
[22:26:44] [Worker-Main-4/DEBUG] (FabricLoader/Mixin) Mixing GameRuleCommandAccessor from fabric-game-rule-api-v1.mixins.json into net.minecraft.server.commands.GameRuleCommand
[22:26:44] [Worker-Main-4/DEBUG] (FabricLoader/Mixin) Renaming @Invoker method callQueryRule(Lnet/minecraft/commands/CommandSourceStack;Lnet/minecraft/world/level/gamerules/GameRule;)I to callQueryRule$fabric-game-rule-api-v1_$md$7d4938$0 in fabric-game-rule-api-v1.mixins.json:GameRuleCommandAccessor from mod fabric-game-rule-api-v1
[22:26:44] [Worker-Main-4/DEBUG] (FabricLoader/Mixin) Mixing GameRuleCommandVisitorMixin from fabric-game-rule-api-v1.mixins.json into net.minecraft.server.commands.GameRuleCommand$1
[22:26:44] [Worker-Main-4/DEBUG] (FabricLoader/Mixin) fabric-game-rule-api-v1.mixins.json:GameRuleCommandVisitorMixin from mod fabric-game-rule-api-v1->@Inject::onRegisterCommand(Lnet/minecraft/world/level/gamerules/GameRule;Lorg/spongepowered/asm/mixin/injection/callback/CallbackInfo;)V does use it's CallbackInfo
[22:26:44] [Minecraft Services Discovery/DEBUG] (com.mojang.authlib.minecraft.client.MinecraftClient) Connecting to https://api.minecraftservices.com/publickeys
[22:26:44] [Worker-Main-4/DEBUG] (FabricLoader/Mixin) Mixing HelpCommandAccessor from fabric-command-api-v2.mixins.json into net.minecraft.server.commands.HelpCommand
[22:26:44] [Worker-Main-4/DEBUG] (FabricLoader/Mixin) Renaming @Accessor method getFailedException()Lcom/mojang/brigadier/exceptions/SimpleCommandExceptionType; to getFailedException$fabric-command-api-v2_$md$7d4938$0 in fabric-command-api-v2.mixins.json:HelpCommandAccessor from mod fabric-command-api-v2
[22:26:44] [Worker-Main-4/DEBUG] (FabricLoader/Mixin) Mixing DebugConfigCommandMixin from fabric-networking-api-v1.mixins.json into net.minecraft.server.commands.DebugConfigCommand
[22:26:44] [Worker-Main-4/INFO] (net.minecraft.advancements.AdvancementTree) Loaded 1866 advancements
[22:26:44] [Worker-Main-4/DEBUG] (FabricLoader/Mixin) Mixing ServerFunctionLibraryMixin from fabric-resource-loader-v1.mixins.json into net.minecraft.server.ServerFunctionLibrary
[22:26:44] [Worker-Main-4/DEBUG] (FabricLoader/Mixin) Mixing SimpleReloadInstanceMixin from fabric-resource-loader-v1.mixins.json into net.minecraft.server.packs.resources.SimpleReloadInstance
[22:26:44] [main/DEBUG] (FabricLoader/Mixin) Mixing server.DedicatedServerMixin from fabric-lifecycle-events-v1.mixins.json into net.minecraft.server.dedicated.DedicatedServer
[22:26:44] [main/DEBUG] (FabricLoader/Mixin) Mixing PlayerListMixin from fabric-lifecycle-events-v1.mixins.json into net.minecraft.server.players.PlayerList
[22:26:44] [main/DEBUG] (FabricLoader/Mixin) Mixing PlayerListMixin from fabric-message-api-v1.mixins.json into net.minecraft.server.players.PlayerList
[22:26:44] [main/DEBUG] (FabricLoader/Mixin) Mixing PlayerListMixin from fabric-entity-events-v1.mixins.json into net.minecraft.server.players.PlayerList
[22:26:44] [main/DEBUG] (FabricLoader/Mixin) Mixing PlayerListMixin from fabric-networking-api-v1.mixins.json into net.minecraft.server.players.PlayerList
[22:26:44] [main/DEBUG] (FabricLoader/Mixin) fabric-lifecycle-events-v1.mixins.json:PlayerListMixin from mod fabric-lifecycle-events-v1->@Inject::hookOnPlayerConnect(Lnet/minecraft/network/Connection;Lnet/minecraft/server/level/ServerPlayer;Lnet/minecraft/server/network/CommonListenerCookie;Lorg/spongepowered/asm/mixin/injection/callback/CallbackInfo;)V doesn't use it's CallbackInfo
[22:26:44] [main/DEBUG] (FabricLoader/Mixin) fabric-lifecycle-events-v1.mixins.json:PlayerListMixin from mod fabric-lifecycle-events-v1->@Inject::hookOnPlayerConnect(Lnet/minecraft/network/Connection;Lnet/minecraft/server/level/ServerPlayer;Lnet/minecraft/server/network/CommonListenerCookie;Lorg/spongepowered/asm/mixin/injection/callback/CallbackInfo;)V has 0 override(s) in child classes
[22:26:44] [main/DEBUG] (FabricLoader/Mixin) fabric-lifecycle-events-v1.mixins.json:PlayerListMixin from mod fabric-lifecycle-events-v1->@Inject::hookOnPlayerConnect(Lnet/minecraft/network/Connection;Lnet/minecraft/server/level/ServerPlayer;Lnet/minecraft/server/network/CommonListenerCookie;Lorg/spongepowered/asm/mixin/injection/callback/CallbackInfo;)V won't be passed a CallbackInfo as a result
[22:26:44] [main/DEBUG] (FabricLoader/Mixin) fabric-lifecycle-events-v1.mixins.json:PlayerListMixin from mod fabric-lifecycle-events-v1->@Inject::hookOnDataPacksReloaded(Lorg/spongepowered/asm/mixin/injection/callback/CallbackInfo;)V doesn't use it's CallbackInfo
[22:26:44] [main/DEBUG] (FabricLoader/Mixin) fabric-lifecycle-events-v1.mixins.json:PlayerListMixin from mod fabric-lifecycle-events-v1->@Inject::hookOnDataPacksReloaded(Lorg/spongepowered/asm/mixin/injection/callback/CallbackInfo;)V has 0 override(s) in child classes
[22:26:44] [main/DEBUG] (FabricLoader/Mixin) fabric-lifecycle-events-v1.mixins.json:PlayerListMixin from mod fabric-lifecycle-events-v1->@Inject::hookOnDataPacksReloaded(Lorg/spongepowered/asm/mixin/injection/callback/CallbackInfo;)V won't be passed a CallbackInfo as a result
[22:26:44] [main/DEBUG] (FabricLoader/Mixin) fabric-message-api-v1.mixins.json:PlayerListMixin from mod fabric-message-api-v1->@Inject::onSendChatMessage(Lnet/minecraft/network/chat/PlayerChatMessage;Lnet/minecraft/server/level/ServerPlayer;Lnet/minecraft/network/chat/ChatType$Bound;Lorg/spongepowered/asm/mixin/injection/callback/CallbackInfo;)V does use it's CallbackInfo
[22:26:44] [main/DEBUG] (FabricLoader/Mixin) fabric-message-api-v1.mixins.json:PlayerListMixin from mod fabric-message-api-v1->@Inject::onSendGameMessage(Lnet/minecraft/network/chat/Component;Ljava/util/function/Function;ZLorg/spongepowered/asm/mixin/injection/callback/CallbackInfo;)V does use it's CallbackInfo
[22:26:44] [main/DEBUG] (FabricLoader/Mixin) fabric-message-api-v1.mixins.json:PlayerListMixin from mod fabric-message-api-v1->@Inject::onSendCommandMessage(Lnet/minecraft/network/chat/PlayerChatMessage;Lnet/minecraft/commands/CommandSourceStack;Lnet/minecraft/network/chat/ChatType$Bound;Lorg/spongepowered/asm/mixin/injection/callback/CallbackInfo;)V does use it's CallbackInfo
[22:26:44] [main/DEBUG] (FabricLoader/Mixin) fabric-entity-events-v1.mixins.json:PlayerListMixin from mod fabric-entity-events-v1->@Inject::afterRespawn(Lnet/minecraft/server/level/ServerPlayer;ZLnet/minecraft/world/entity/Entity$RemovalReason;Lorg/spongepowered/asm/mixin/injection/callback/CallbackInfoReturnable;)V does use it's CallbackInfoReturnable
[22:26:44] [main/DEBUG] (FabricLoader/Mixin) fabric-entity-events-v1.mixins.json:PlayerListMixin from mod fabric-entity-events-v1->@Inject::firePlayerJoinEvent(Lnet/minecraft/network/Connection;Lnet/minecraft/server/level/ServerPlayer;Lnet/minecraft/server/network/CommonListenerCookie;Lorg/spongepowered/asm/mixin/injection/callback/CallbackInfo;)V doesn't use it's CallbackInfo
[22:26:44] [main/DEBUG] (FabricLoader/Mixin) fabric-entity-events-v1.mixins.json:PlayerListMixin from mod fabric-entity-events-v1->@Inject::firePlayerJoinEvent(Lnet/minecraft/network/Connection;Lnet/minecraft/server/level/ServerPlayer;Lnet/minecraft/server/network/CommonListenerCookie;Lorg/spongepowered/asm/mixin/injection/callback/CallbackInfo;)V has 0 override(s) in child classes
[22:26:44] [main/DEBUG] (FabricLoader/Mixin) fabric-entity-events-v1.mixins.json:PlayerListMixin from mod fabric-entity-events-v1->@Inject::firePlayerJoinEvent(Lnet/minecraft/network/Connection;Lnet/minecraft/server/level/ServerPlayer;Lnet/minecraft/server/network/CommonListenerCookie;Lorg/spongepowered/asm/mixin/injection/callback/CallbackInfo;)V won't be passed a CallbackInfo as a result
[22:26:44] [main/DEBUG] (FabricLoader/Mixin) fabric-entity-events-v1.mixins.json:PlayerListMixin from mod fabric-entity-events-v1->@Inject::firePlayerLeaveEvent(Lnet/minecraft/server/level/ServerPlayer;Lorg/spongepowered/asm/mixin/injection/callback/CallbackInfo;)V doesn't use it's CallbackInfo
[22:26:44] [main/DEBUG] (FabricLoader/Mixin) fabric-entity-events-v1.mixins.json:PlayerListMixin from mod fabric-entity-events-v1->@Inject::firePlayerLeaveEvent(Lnet/minecraft/server/level/ServerPlayer;Lorg/spongepowered/asm/mixin/injection/callback/CallbackInfo;)V has 0 override(s) in child classes
[22:26:44] [main/DEBUG] (FabricLoader/Mixin) fabric-entity-events-v1.mixins.json:PlayerListMixin from mod fabric-entity-events-v1->@Inject::firePlayerLeaveEvent(Lnet/minecraft/server/level/ServerPlayer;Lorg/spongepowered/asm/mixin/injection/callback/CallbackInfo;)V won't be passed a CallbackInfo as a result
[22:26:44] [main/DEBUG] (FabricLoader/Mixin) fabric-networking-api-v1.mixins.json:PlayerListMixin from mod fabric-networking-api-v1->@Inject::handlePlayerConnection(Lnet/minecraft/network/Connection;Lnet/minecraft/server/level/ServerPlayer;Lnet/minecraft/server/network/CommonListenerCookie;Lorg/spongepowered/asm/mixin/injection/callback/CallbackInfo;)V doesn't use it's CallbackInfo
[22:26:44] [main/DEBUG] (FabricLoader/Mixin) fabric-networking-api-v1.mixins.json:PlayerListMixin from mod fabric-networking-api-v1->@Inject::handlePlayerConnection(Lnet/minecraft/network/Connection;Lnet/minecraft/server/level/ServerPlayer;Lnet/minecraft/server/network/CommonListenerCookie;Lorg/spongepowered/asm/mixin/injection/callback/CallbackInfo;)V has 0 override(s) in child classes
[22:26:44] [main/DEBUG] (FabricLoader/Mixin) fabric-networking-api-v1.mixins.json:PlayerListMixin from mod fabric-networking-api-v1->@Inject::handlePlayerConnection(Lnet/minecraft/network/Connection;Lnet/minecraft/server/level/ServerPlayer;Lnet/minecraft/server/network/CommonListenerCookie;Lorg/spongepowered/asm/mixin/injection/callback/CallbackInfo;)V won't be passed a CallbackInfo as a result
[22:26:44] [main/DEBUG] (FabricLoader/Mixin) Mixing ServerDebugSubscribersMixin from fabric-debug-api-v1.mixins.json into net.minecraft.util.debug.ServerDebugSubscribers
[22:26:44] [main/DEBUG] (FabricLoader/Mixin) Mixing SavedDataStorageMixin from fabric-object-builder-v1.mixins.json into net.minecraft.world.level.storage.SavedDataStorage
[22:26:44] [main/DEBUG] (FabricLoader/Mixin) Generating mapped inner class net/minecraft/world/level/levelgen/structure/templatesystem/StructureTemplateManager$Anonymous$2385a326ce863bc0bf2a11ea898a45b4 (originally net/fabricmc/fabric/mixin/gametest/StructureTemplateManagerMixin$1)
[22:26:45] [main/INFO] (net.fabricmc.fabric.impl.biome.modification.BiomeModificationImpl) Applied 0 biome modifications to 0 of 67 new biomes in 1.139 ms
[22:26:45] [main/DEBUG] (FabricLoader/Mixin) Mixing AttachmentTargetsMixin from fabric-data-attachment-api-v1.mixins.json into net.fabricmc.fabric.impl.attachment.GlobalAttachmentsImpl
[22:26:45] [Server thread/INFO] (net.minecraft.server.dedicated.DedicatedServer) Starting minecraft server version 26.3
[22:26:45] [Server thread/INFO] (net.minecraft.server.dedicated.DedicatedServer) Loading properties
[22:26:45] [Server thread/INFO] (net.minecraft.server.dedicated.DedicatedServer) Default game type: SURVIVAL
[22:26:45] [Server thread/INFO] (net.minecraft.server.MinecraftServer) Generating keypair
[22:26:45] [Server thread/INFO] (net.minecraft.server.dedicated.DedicatedServer) Starting Minecraft server on *:25565
[22:26:45] [Server thread/DEBUG] (io.netty.channel.kqueue.KQueue) KQueue support is not available: null
[22:26:45] [Server thread/DEBUG] (io.netty.channel.epoll.Epoll) Epoll support is not available: null
[22:26:45] [Server thread/DEBUG] (FabricLoader/Mixin) Mixing ConnectionMixin from fabric-networking-api-v1.mixins.json into net.minecraft.network.Connection
[22:26:45] [Server thread/DEBUG] (FabricLoader/Mixin) Renaming synthetic method lambda$fabric_getPendingChannelsNames$0(Lnet/minecraft/network/ConnectionProtocol;)Ljava/util/Collection; to md7d4938$fabric-networking-api-v1$lambda$fabric_getPendingChannelsNames$0$0 in fabric-networking-api-v1.mixins.json:ConnectionMixin from mod fabric-networking-api-v1
[22:26:45] [Server thread/DEBUG] (FabricLoader/Mixin) Renaming synthetic method lambda$injectFabricPacketSlitterHandlerOutbound$1(Lnet/fabricmc/fabric/impl/networking/PayloadTypeRegistryImpl;Lio/netty/channel/ChannelHandlerContext;)V to md7d4938$fabric-networking-api-v1$lambda$injectFabricPacketSlitterHandlerOutbound$1$1 in fabric-networking-api-v1.mixins.json:ConnectionMixin from mod fabric-networking-api-v1
[22:26:45] [Server thread/DEBUG] (FabricLoader/Mixin) Renaming synthetic method lambda$injectFabricPacketSlitterHandlerOutbound$0(Lio/netty/channel/ChannelHandlerContext;)V to md7d4938$fabric-networking-api-v1$lambda$injectFabricPacketSlitterHandlerOutbound$0$2 in fabric-networking-api-v1.mixins.json:ConnectionMixin from mod fabric-networking-api-v1
[22:26:45] [Server thread/DEBUG] (FabricLoader/Mixin) Renaming synthetic method lambda$injectFabricPacketSlitterHandlerInbound$1(Lnet/fabricmc/fabric/impl/networking/PayloadTypeRegistryImpl;Lnet/minecraft/network/ProtocolInfo;Lio/netty/channel/ChannelHandlerContext;)V to md7d4938$fabric-networking-api-v1$lambda$injectFabricPacketSlitterHandlerInbound$1$3 in fabric-networking-api-v1.mixins.json:ConnectionMixin from mod fabric-networking-api-v1
[22:26:45] [Server thread/DEBUG] (FabricLoader/Mixin) Renaming synthetic method lambda$injectFabricPacketSlitterHandlerInbound$0(Lio/netty/channel/ChannelHandlerContext;)V to md7d4938$fabric-networking-api-v1$lambda$injectFabricPacketSlitterHandlerInbound$0$4 in fabric-networking-api-v1.mixins.json:ConnectionMixin from mod fabric-networking-api-v1
[22:26:45] [Server thread/DEBUG] (FabricLoader/Mixin) Mixing sync.ConnectionMixin from fabric-recipe-api-v1.mixins.json into net.minecraft.network.Connection
[22:26:45] [Server thread/DEBUG] (FabricLoader/Mixin) fabric-networking-api-v1.mixins.json:ConnectionMixin from mod fabric-networking-api-v1->@Inject::initAddedFields(Lnet/minecraft/network/protocol/PacketFlow;Lorg/spongepowered/asm/mixin/injection/callback/CallbackInfo;)V doesn't use it's CallbackInfo
[22:26:45] [Server thread/DEBUG] (FabricLoader/Mixin) fabric-networking-api-v1.mixins.json:ConnectionMixin from mod fabric-networking-api-v1->@Inject::initAddedFields(Lnet/minecraft/network/protocol/PacketFlow;Lorg/spongepowered/asm/mixin/injection/callback/CallbackInfo;)V has 0 override(s) in child classes
[22:26:45] [Server thread/DEBUG] (FabricLoader/Mixin) fabric-networking-api-v1.mixins.json:ConnectionMixin from mod fabric-networking-api-v1->@Inject::initAddedFields(Lnet/minecraft/network/protocol/PacketFlow;Lorg/spongepowered/asm/mixin/injection/callback/CallbackInfo;)V won't be passed a CallbackInfo as a result
[22:26:45] [Server thread/DEBUG] (FabricLoader/Mixin) fabric-networking-api-v1.mixins.json:ConnectionMixin from mod fabric-networking-api-v1->@Inject::checkPacket(Lnet/minecraft/network/protocol/Packet;Lio/netty/channel/ChannelFutureListener;ZLorg/spongepowered/asm/mixin/injection/callback/CallbackInfo;)V doesn't use it's CallbackInfo
[22:26:45] [Server thread/DEBUG] (FabricLoader/Mixin) fabric-networking-api-v1.mixins.json:ConnectionMixin from mod fabric-networking-api-v1->@Inject::checkPacket(Lnet/minecraft/network/protocol/Packet;Lio/netty/channel/ChannelFutureListener;ZLorg/spongepowered/asm/mixin/injection/callback/CallbackInfo;)V has 0 override(s) in child classes
[22:26:45] [Server thread/DEBUG] (FabricLoader/Mixin) fabric-networking-api-v1.mixins.json:ConnectionMixin from mod fabric-networking-api-v1->@Inject::checkPacket(Lnet/minecraft/network/protocol/Packet;Lio/netty/channel/ChannelFutureListener;ZLorg/spongepowered/asm/mixin/injection/callback/CallbackInfo;)V won't be passed a CallbackInfo as a result
[22:26:45] [Server thread/DEBUG] (FabricLoader/Mixin) fabric-networking-api-v1.mixins.json:ConnectionMixin from mod fabric-networking-api-v1->@Inject::unwatchAddon(Lnet/minecraft/network/ProtocolInfo;Lnet/minecraft/network/PacketListener;Lorg/spongepowered/asm/mixin/injection/callback/CallbackInfo;)V doesn't use it's CallbackInfo
[22:26:45] [Server thread/DEBUG] (FabricLoader/Mixin) fabric-networking-api-v1.mixins.json:ConnectionMixin from mod fabric-networking-api-v1->@Inject::unwatchAddon(Lnet/minecraft/network/ProtocolInfo;Lnet/minecraft/network/PacketListener;Lorg/spongepowered/asm/mixin/injection/callback/CallbackInfo;)V has 0 override(s) in child classes
[22:26:45] [Server thread/DEBUG] (FabricLoader/Mixin) fabric-networking-api-v1.mixins.json:ConnectionMixin from mod fabric-networking-api-v1->@Inject::unwatchAddon(Lnet/minecraft/network/ProtocolInfo;Lnet/minecraft/network/PacketListener;Lorg/spongepowered/asm/mixin/injection/callback/CallbackInfo;)V won't be passed a CallbackInfo as a result
[22:26:45] [Server thread/DEBUG] (FabricLoader/Mixin) fabric-networking-api-v1.mixins.json:ConnectionMixin from mod fabric-networking-api-v1->@Inject::disconnectAddon(Lio/netty/channel/ChannelHandlerContext;Lorg/spongepowered/asm/mixin/injection/callback/CallbackInfo;)V doesn't use it's CallbackInfo
[22:26:45] [Server thread/DEBUG] (FabricLoader/Mixin) fabric-networking-api-v1.mixins.json:ConnectionMixin from mod fabric-networking-api-v1->@Inject::disconnectAddon(Lio/netty/channel/ChannelHandlerContext;Lorg/spongepowered/asm/mixin/injection/callback/CallbackInfo;)V has 0 override(s) in child classes
[22:26:45] [Server thread/DEBUG] (FabricLoader/Mixin) fabric-networking-api-v1.mixins.json:ConnectionMixin from mod fabric-networking-api-v1->@Inject::disconnectAddon(Lio/netty/channel/ChannelHandlerContext;Lorg/spongepowered/asm/mixin/injection/callback/CallbackInfo;)V won't be passed a CallbackInfo as a result
[22:26:45] [Server thread/DEBUG] (FabricLoader/Mixin) fabric-networking-api-v1.mixins.json:ConnectionMixin from mod fabric-networking-api-v1->@Inject::disconnectAddon(Lorg/spongepowered/asm/mixin/injection/callback/CallbackInfo;)V doesn't use it's CallbackInfo
[22:26:45] [Server thread/DEBUG] (FabricLoader/Mixin) fabric-networking-api-v1.mixins.json:ConnectionMixin from mod fabric-networking-api-v1->@Inject::disconnectAddon(Lorg/spongepowered/asm/mixin/injection/callback/CallbackInfo;)V has 0 override(s) in child classes
[22:26:45] [Server thread/DEBUG] (FabricLoader/Mixin) fabric-networking-api-v1.mixins.json:ConnectionMixin from mod fabric-networking-api-v1->@Inject::disconnectAddon(Lorg/spongepowered/asm/mixin/injection/callback/CallbackInfo;)V won't be passed a CallbackInfo as a result
[22:26:45] [Server thread/DEBUG] (io.netty.channel.MultithreadEventLoopGroup) -Dio.netty.eventLoopThreads: 48
[22:26:45] [Server thread/DEBUG] (io.netty.channel.nio.NioIoHandler) -Dio.netty.noKeySetOptimization: false
[22:26:45] [Server thread/DEBUG] (io.netty.channel.nio.NioIoHandler) -Dio.netty.selectorAutoRebuildThreshold: 512
[22:26:45] [Server thread/DEBUG] (io.netty.util.concurrent.GlobalEventExecutor) -Dio.netty.globalEventExecutor.quietPeriodSeconds: 1
[22:26:45] [Server thread/DEBUG] (io.netty.util.internal.PlatformDependent) org.jctools-core.MpscChunkedArrayQueue: available
[22:26:45] [Server thread/DEBUG] (io.netty.channel.DefaultChannelId) -Dio.netty.processId: 2668 (auto-detected)
[22:26:45] [Server thread/DEBUG] (io.netty.util.NetUtil) -Djava.net.preferIPv4Stack: false
[22:26:45] [Server thread/DEBUG] (io.netty.util.NetUtil) -Djava.net.preferIPv6Addresses: false
[22:26:45] [Server thread/DEBUG] (io.netty.util.NetUtilInitializations) Loopback interface: loopback_0 (Software Loopback Interface 1, 0:0:0:0:0:0:0:1)
[22:26:45] [Server thread/DEBUG] (io.netty.util.NetUtil) Failed to get SOMAXCONN from sysctl and file \proc\sys\net\core\somaxconn. Default: 200
[22:26:45] [Server thread/DEBUG] (io.netty.channel.DefaultChannelId) -Dio.netty.machineId: dc:46:28:ff:fe:4d:7d:75 (auto-detected)
[22:26:45] [Server thread/DEBUG] (io.netty.bootstrap.ChannelInitializerExtensions) -Dio.netty.bootstrap.extensions: null
[22:26:45] [Server thread/INFO] (net.minecraft.server.dedicated.DedicatedServer) Preparing level "world"
[22:26:45] [Server thread/DEBUG] (io.netty.util.internal.ThreadLocalRandom) -Dio.netty.initialSeedUniquifier: 0xdbf779154dcc8f4c
[22:26:45] [Server thread/DEBUG] (FabricLoader/Mixin) Mixing PersistentEntitySectionManagerMixin from fabric-lifecycle-events-v1.mixins.json into net.minecraft.world.level.entity.PersistentEntitySectionManager
[22:26:45] [Server thread/DEBUG] (FabricLoader/Mixin) fabric-lifecycle-events-v1.mixins.json:PersistentEntitySectionManagerMixin from mod fabric-lifecycle-events-v1->@Inject::beforeAddEntity(Lnet/minecraft/world/level/entity/EntityAccess;ZLorg/spongepowered/asm/mixin/injection/callback/CallbackInfoReturnable;)V does use it's CallbackInfoReturnable
[22:26:45] [Server thread/DEBUG] (FabricLoader/Mixin) Mixing ServerLevelEntityCallbacksMixin from fabric-lifecycle-events-v1.mixins.json into net.minecraft.server.level.ServerLevel$EntityCallbacks
[22:26:45] [Server thread/DEBUG] (FabricLoader/Mixin) fabric-lifecycle-events-v1.mixins.json:ServerLevelEntityCallbacksMixin from mod fabric-lifecycle-events-v1->@Inject::invokeEntityLoadEvent(Lnet/minecraft/world/entity/Entity;Lorg/spongepowered/asm/mixin/injection/callback/CallbackInfo;)V doesn't use it's CallbackInfo
[22:26:45] [Server thread/DEBUG] (FabricLoader/Mixin) fabric-lifecycle-events-v1.mixins.json:ServerLevelEntityCallbacksMixin from mod fabric-lifecycle-events-v1->@Inject::invokeEntityUnloadEvent(Lnet/minecraft/world/entity/Entity;Lorg/spongepowered/asm/mixin/injection/callback/CallbackInfo;)V doesn't use it's CallbackInfo
[22:26:45] [Server thread/DEBUG] (FabricLoader/Mixin) Mixing ChunkMapMixin from fabric-lifecycle-events-v1.mixins.json into net.minecraft.server.level.ChunkMap
[22:26:45] [Server thread/DEBUG] (FabricLoader/Mixin) Mixing accessor.ChunkMapAccessor from fabric-networking-api-v1.mixins.json into net.minecraft.server.level.ChunkMap
[22:26:45] [Server thread/DEBUG] (FabricLoader/Mixin) fabric-lifecycle-events-v1.mixins.json:ChunkMapMixin from mod fabric-lifecycle-events-v1->@Inject::onChunkUnload(Lnet/minecraft/server/level/ChunkHolder;Ljava/util/concurrent/CompletableFuture;JLorg/spongepowered/asm/mixin/injection/callback/CallbackInfo;)V doesn't use it's CallbackInfo
[22:26:45] [Server thread/DEBUG] (FabricLoader/Mixin) fabric-lifecycle-events-v1.mixins.json:ChunkMapMixin from mod fabric-lifecycle-events-v1->@Inject::onChunkUnload(Lnet/minecraft/server/level/ChunkHolder;Ljava/util/concurrent/CompletableFuture;JLorg/spongepowered/asm/mixin/injection/callback/CallbackInfo;)V has 0 override(s) in child classes
[22:26:45] [Server thread/DEBUG] (FabricLoader/Mixin) fabric-lifecycle-events-v1.mixins.json:ChunkMapMixin from mod fabric-lifecycle-events-v1->@Inject::onChunkUnload(Lnet/minecraft/server/level/ChunkHolder;Ljava/util/concurrent/CompletableFuture;JLorg/spongepowered/asm/mixin/injection/callback/CallbackInfo;)V won't be passed a CallbackInfo as a result
[22:26:45] [Server thread/DEBUG] (FabricLoader/Mixin) Mixing ChunkHolderMixin from fabric-lifecycle-events-v1.mixins.json into net.minecraft.server.level.ChunkHolder
[22:26:45] [Server thread/DEBUG] (FabricLoader/Mixin) Mixing ChunkHolderMixin from fabric-data-attachment-api-v1.mixins.json into net.minecraft.server.level.ChunkHolder
[22:26:45] [Server thread/DEBUG] (FabricLoader/Mixin) fabric-lifecycle-events-v1.mixins.json:ChunkHolderMixin from mod fabric-lifecycle-events-v1->@Inject::updateFutures$inaccessibleToFull(Lnet/minecraft/server/level/ChunkMap;Ljava/util/concurrent/Executor;Lorg/spongepowered/asm/mixin/injection/callback/CallbackInfo;)V doesn't use it's CallbackInfo
[22:26:45] [Server thread/DEBUG] (FabricLoader/Mixin) fabric-lifecycle-events-v1.mixins.json:ChunkHolderMixin from mod fabric-lifecycle-events-v1->@Inject::updateFutures$inaccessibleToFull(Lnet/minecraft/server/level/ChunkMap;Ljava/util/concurrent/Executor;Lorg/spongepowered/asm/mixin/injection/callback/CallbackInfo;)V has 0 override(s) in child classes
[22:26:45] [Server thread/DEBUG] (FabricLoader/Mixin) fabric-lifecycle-events-v1.mixins.json:ChunkHolderMixin from mod fabric-lifecycle-events-v1->@Inject::updateFutures$inaccessibleToFull(Lnet/minecraft/server/level/ChunkMap;Ljava/util/concurrent/Executor;Lorg/spongepowered/asm/mixin/injection/callback/CallbackInfo;)V won't be passed a CallbackInfo as a result
[22:26:45] [Server thread/DEBUG] (FabricLoader/Mixin) fabric-lifecycle-events-v1.mixins.json:ChunkHolderMixin from mod fabric-lifecycle-events-v1->@Inject::updateFutures$fullToBlockTicking(Lnet/minecraft/server/level/ChunkMap;Ljava/util/concurrent/Executor;Lorg/spongepowered/asm/mixin/injection/callback/CallbackInfo;)V doesn't use it's CallbackInfo
[22:26:45] [Server thread/DEBUG] (FabricLoader/Mixin) fabric-lifecycle-events-v1.mixins.json:ChunkHolderMixin from mod fabric-lifecycle-events-v1->@Inject::updateFutures$fullToBlockTicking(Lnet/minecraft/server/level/ChunkMap;Ljava/util/concurrent/Executor;Lorg/spongepowered/asm/mixin/injection/callback/CallbackInfo;)V has 0 override(s) in child classes
[22:26:45] [Server thread/DEBUG] (FabricLoader/Mixin) fabric-lifecycle-events-v1.mixins.json:ChunkHolderMixin from mod fabric-lifecycle-events-v1->@Inject::updateFutures$fullToBlockTicking(Lnet/minecraft/server/level/ChunkMap;Ljava/util/concurrent/Executor;Lorg/spongepowered/asm/mixin/injection/callback/CallbackInfo;)V won't be passed a CallbackInfo as a result
[22:26:45] [Server thread/DEBUG] (FabricLoader/Mixin) fabric-lifecycle-events-v1.mixins.json:ChunkHolderMixin from mod fabric-lifecycle-events-v1->@Inject::updateFutures$blockTickingToEntityTicking(Lnet/minecraft/server/level/ChunkMap;Ljava/util/concurrent/Executor;Lorg/spongepowered/asm/mixin/injection/callback/CallbackInfo;)V doesn't use it's CallbackInfo
[22:26:45] [Server thread/DEBUG] (FabricLoader/Mixin) fabric-lifecycle-events-v1.mixins.json:ChunkHolderMixin from mod fabric-lifecycle-events-v1->@Inject::updateFutures$blockTickingToEntityTicking(Lnet/minecraft/server/level/ChunkMap;Ljava/util/concurrent/Executor;Lorg/spongepowered/asm/mixin/injection/callback/CallbackInfo;)V has 0 override(s) in child classes
[22:26:45] [Server thread/DEBUG] (FabricLoader/Mixin) fabric-lifecycle-events-v1.mixins.json:ChunkHolderMixin from mod fabric-lifecycle-events-v1->@Inject::updateFutures$blockTickingToEntityTicking(Lnet/minecraft/server/level/ChunkMap;Ljava/util/concurrent/Executor;Lorg/spongepowered/asm/mixin/injection/callback/CallbackInfo;)V won't be passed a CallbackInfo as a result
[22:26:45] [Server thread/DEBUG] (FabricLoader/Mixin) fabric-lifecycle-events-v1.mixins.json:ChunkHolderMixin from mod fabric-lifecycle-events-v1->@Inject::decreaseLevel(Lnet/minecraft/server/level/ChunkMap;Lnet/minecraft/server/level/FullChunkStatus;Lorg/spongepowered/asm/mixin/injection/callback/CallbackInfo;)V doesn't use it's CallbackInfo
[22:26:45] [Server thread/DEBUG] (FabricLoader/Mixin) fabric-lifecycle-events-v1.mixins.json:ChunkHolderMixin from mod fabric-lifecycle-events-v1->@Inject::decreaseLevel(Lnet/minecraft/server/level/ChunkMap;Lnet/minecraft/server/level/FullChunkStatus;Lorg/spongepowered/asm/mixin/injection/callback/CallbackInfo;)V has 0 override(s) in child classes
[22:26:45] [Server thread/DEBUG] (FabricLoader/Mixin) fabric-lifecycle-events-v1.mixins.json:ChunkHolderMixin from mod fabric-lifecycle-events-v1->@Inject::decreaseLevel(Lnet/minecraft/server/level/ChunkMap;Lnet/minecraft/server/level/FullChunkStatus;Lorg/spongepowered/asm/mixin/injection/callback/CallbackInfo;)V won't be passed a CallbackInfo as a result
[22:26:45] [Server thread/DEBUG] (FabricLoader/Mixin) fabric-data-attachment-api-v1.mixins.json:ChunkHolderMixin from mod fabric-data-attachment-api-v1->@Inject::broadcastBlockEntity(Ljava/util/List;Lnet/minecraft/world/level/Level;Lnet/minecraft/core/BlockPos;Lorg/spongepowered/asm/mixin/injection/callback/CallbackInfo;)V doesn't use it's CallbackInfo
[22:26:45] [Server thread/DEBUG] (FabricLoader/Mixin) fabric-data-attachment-api-v1.mixins.json:ChunkHolderMixin from mod fabric-data-attachment-api-v1->@Inject::broadcastBlockEntity(Ljava/util/List;Lnet/minecraft/world/level/Level;Lnet/minecraft/core/BlockPos;Lorg/spongepowered/asm/mixin/injection/callback/CallbackInfo;)V has 0 override(s) in child classes
[22:26:45] [Server thread/DEBUG] (FabricLoader/Mixin) fabric-data-attachment-api-v1.mixins.json:ChunkHolderMixin from mod fabric-data-attachment-api-v1->@Inject::broadcastBlockEntity(Ljava/util/List;Lnet/minecraft/world/level/Level;Lnet/minecraft/core/BlockPos;Lorg/spongepowered/asm/mixin/injection/callback/CallbackInfo;)V won't be passed a CallbackInfo as a result
[22:26:45] [Server thread/DEBUG] (FabricLoader/Mixin) Mixing ChunkStatusTasksMixin from fabric-lifecycle-events-v1.mixins.json into net.minecraft.world.level.chunk.status.ChunkStatusTasks
[22:26:45] [Server thread/DEBUG] (FabricLoader/Mixin) fabric-lifecycle-events-v1.mixins.json:ChunkStatusTasksMixin from mod fabric-lifecycle-events-v1->@Inject::onChunkLoad(Lnet/minecraft/world/level/chunk/ChunkAccess;Lnet/minecraft/world/level/chunk/status/WorldGenContext;Lnet/minecraft/server/level/GenerationChunkHolder;Lorg/spongepowered/asm/mixin/injection/callback/CallbackInfoReturnable;)V does use it's CallbackInfoReturnable
[22:26:45] [Server thread/DEBUG] (FabricLoader/Mixin) Mixing RandomStateMixin from fabric-biome-api-v1.mixins.json into net.minecraft.world.level.levelgen.RandomState
[22:26:45] [Server thread/DEBUG] (FabricLoader/Mixin) fabric-biome-api-v1.mixins.json:RandomStateMixin from mod fabric-biome-api-v1->@Inject::setSeed(Lnet/minecraft/world/level/levelgen/densityfunction/SamplerContext;Lorg/spongepowered/asm/mixin/injection/callback/CallbackInfoReturnable;)V does use it's CallbackInfoReturnable
[22:26:45] [Worker-Main-1/DEBUG] (FabricLoader/Mixin) Mixing ClimateSamplerMixin from fabric-biome-api-v1.mixins.json into net.minecraft.world.level.biome.Climate$Sampler
[22:26:45] [Server thread/INFO] (net.minecraft.server.level.progress.LoggingLevelLoadListener) Selecting global world spawn...
[22:26:45] [Worker-Main-5/DEBUG] (FabricLoader/Mixin) Mixing SerializableChunkDataMixin from fabric-data-attachment-api-v1.mixins.json into net.minecraft.world.level.chunk.storage.SerializableChunkData
[22:26:45] [Worker-Main-5/DEBUG] (FabricLoader/Mixin) Renaming @Unique field LOGGERLorg/slf4j/Logger; to fd7d4938$fabric-data-attachment-api-v1$LOGGER$0 in fabric-data-attachment-api-v1.mixins.json:SerializableChunkDataMixin from mod fabric-data-attachment-api-v1
[22:26:45] [Worker-Main-5/DEBUG] (FabricLoader/Mixin) Mixing SerializableChunkDataMixin from fabric-registry-sync-v0.mixins.json into net.minecraft.world.level.chunk.storage.SerializableChunkData
[22:26:45] [Worker-Main-5/DEBUG] (FabricLoader/Mixin) fabric-data-attachment-api-v1.mixins.json:SerializableChunkDataMixin from mod fabric-data-attachment-api-v1->@Inject::storeAttachmentNbtData(Lnet/minecraft/world/level/LevelHeightAccessor;Lnet/minecraft/world/level/chunk/PalettedContainerFactory;Lnet/minecraft/nbt/CompoundTag;Lorg/spongepowered/asm/mixin/injection/callback/CallbackInfoReturnable;)V does use it's CallbackInfoReturnable
[22:26:45] [Worker-Main-5/DEBUG] (FabricLoader/Mixin) fabric-data-attachment-api-v1.mixins.json:SerializableChunkDataMixin from mod fabric-data-attachment-api-v1->@Inject::storeAttachmentNbtData(Lnet/minecraft/world/level/LevelHeightAccessor;Lnet/minecraft/world/level/chunk/PalettedContainerFactory;Lnet/minecraft/nbt/CompoundTag;Lorg/spongepowered/asm/mixin/injection/callback/CallbackInfoReturnable;)V does use it's CallbackInfoReturnable
[22:26:45] [Worker-Main-5/DEBUG] (FabricLoader/Mixin) fabric-data-attachment-api-v1.mixins.json:SerializableChunkDataMixin from mod fabric-data-attachment-api-v1->@Inject::setAttachmentDataInChunk(Lnet/minecraft/server/level/ServerLevel;Lnet/minecraft/world/entity/ai/village/poi/PoiManager;Lnet/minecraft/world/level/chunk/storage/RegionStorageInfo;Lnet/minecraft/world/level/ChunkPos;Lorg/spongepowered/asm/mixin/injection/callback/CallbackInfoReturnable;)V does use it's CallbackInfoReturnable
[22:26:45] [Worker-Main-5/DEBUG] (FabricLoader/Mixin) fabric-data-attachment-api-v1.mixins.json:SerializableChunkDataMixin from mod fabric-data-attachment-api-v1->@Inject::setAttachmentDataInChunk(Lnet/minecraft/server/level/ServerLevel;Lnet/minecraft/world/entity/ai/village/poi/PoiManager;Lnet/minecraft/world/level/chunk/storage/RegionStorageInfo;Lnet/minecraft/world/level/ChunkPos;Lorg/spongepowered/asm/mixin/injection/callback/CallbackInfoReturnable;)V does use it's CallbackInfoReturnable
[22:26:45] [Worker-Main-5/DEBUG] (FabricLoader/Mixin) fabric-data-attachment-api-v1.mixins.json:SerializableChunkDataMixin from mod fabric-data-attachment-api-v1->@Inject::storeAttachmentNbtData(Lnet/minecraft/server/level/ServerLevel;Lnet/minecraft/world/level/chunk/ChunkAccess;Lorg/spongepowered/asm/mixin/injection/callback/CallbackInfoReturnable;)V does use it's CallbackInfoReturnable
[22:26:45] [Worker-Main-5/DEBUG] (FabricLoader/Mixin) fabric-data-attachment-api-v1.mixins.json:SerializableChunkDataMixin from mod fabric-data-attachment-api-v1->@Inject::writeChunkAttachments(Lorg/spongepowered/asm/mixin/injection/callback/CallbackInfoReturnable;)V does use it's CallbackInfoReturnable
[22:26:45] [Server thread/DEBUG] (FabricLoader/Mixin) Mixing LevelChunkSectionMixin from fabric-block-api-v1.mixins.json into net.minecraft.world.level.chunk.LevelChunkSection
[22:26:47] [Server thread/DEBUG] (FabricLoader/Mixin) Mixing ImposterProtoChunkMixin from fabric-data-attachment-api-v1.mixins.json into net.minecraft.world.level.chunk.ImposterProtoChunk
[22:26:47] [Server thread/DEBUG] (FabricLoader/Mixin) Mixing TagValueInputMixin from fabric-serialization-api-v1.mixins.json into net.minecraft.world.level.storage.TagValueInput
[22:26:47] [Server thread/DEBUG] (FabricLoader/Mixin) Mixing ValueInputMixin from fabric-serialization-api-v1.mixins.json into net.minecraft.world.level.storage.ValueInput
[22:26:47] [Server thread/INFO] (net.minecraft.server.level.progress.LoggingLevelLoadListener) Loading 0 persistent chunks...
[22:26:47] [Server thread/DEBUG] (FabricLoader/Mixin) Mixing server.LanguageMixin from fabric-resource-loader-v1.mixins.json into net.minecraft.locale.Language
[22:26:47] [Server thread/INFO] (net.minecraft.server.level.progress.LoggingLevelLoadListener) Preparing spawn area: 100%
[22:26:47] [Server thread/INFO] (net.minecraft.server.level.progress.LoggingLevelLoadListener) Time elapsed: 1932 ms
[22:26:47] [Server thread/INFO] (net.minecraft.server.dedicated.DedicatedServer) Done (2.149s)! For help, type "help"
[22:26:47] [Server thread/DEBUG] (FabricLoader/Mixin) Mixing ServerWatchdogMixin from fabric-crash-report-info-v1.mixins.json into net.minecraft.server.dedicated.ServerWatchdog
[22:26:47] [Server thread/INFO] (net.minecraft.server.MinecraftServer) Saving chunks for level 'ServerLevel[world]'/minecraft:overworld
[22:26:47] [Server thread/DEBUG] (FabricLoader/Mixin) Mixing TagValueOutputMixin from fabric-serialization-api-v1.mixins.json into net.minecraft.world.level.storage.TagValueOutput
[22:26:47] [Server thread/INFO] (net.minecraft.server.MinecraftServer) Saving chunks for level 'ServerLevel[world]'/minecraft:the_end
[22:26:47] [Server thread/INFO] (net.minecraft.server.MinecraftServer) Saving chunks for level 'ServerLevel[world]'/minecraft:the_nether
[22:26:47] [Server thread/INFO] (logstripper) LogStripper registered 25 strippable log pairs
[22:26:47] [Server thread/DEBUG] (FabricLoader/Mixin) Mixing effect.ContextChainAccessor from fabric-entity-events-v1.mixins.json into com.mojang.brigadier.context.ContextChain
[22:26:47] [Server thread/DEBUG] (FabricLoader/Mixin) Mixing effect.ContextChainMixin from fabric-entity-events-v1.mixins.json into com.mojang.brigadier.context.ContextChain
[22:26:47] [Server thread/INFO] (net.minecraft.server.MinecraftServer) System chat: An unexpected error occurred while trying to execute that command
[22:27:47] [Server thread/INFO] (net.minecraft.server.MinecraftServer) Server empty for 60 seconds, pausing
[22:30:36] [Server thread/DEBUG] (FabricLoader/Mixin) Mixing effect.CommandQueueEntryMixin from fabric-entity-events-v1.mixins.json into net.minecraft.commands.execution.CommandQueueEntry
[22:30:36] [Server thread/DEBUG] (FabricLoader/Mixin) Mixing effect.BuildContextsAccessor from fabric-entity-events-v1.mixins.json into net.minecraft.commands.execution.tasks.BuildContexts
[22:30:36] [Server thread/INFO] (net.minecraft.server.MinecraftServer) System chat: Stopping the server
[22:30:36] [Server thread/INFO] (net.minecraft.server.MinecraftServer) Stopping server
[22:30:36] [Server thread/INFO] (net.minecraft.server.MinecraftServer) Saving players
[22:30:36] [Server thread/INFO] (net.minecraft.server.MinecraftServer) Saving worlds
[22:30:36] [Server thread/INFO] (net.minecraft.server.MinecraftServer) Saving chunks for level 'ServerLevel[world]'/minecraft:overworld
[22:30:36] [Server thread/INFO] (net.minecraft.server.MinecraftServer) Saving chunks for level 'ServerLevel[world]'/minecraft:the_end
[22:30:36] [Server thread/INFO] (net.minecraft.server.MinecraftServer) Saving chunks for level 'ServerLevel[world]'/minecraft:the_nether
